lift,rebar_units
PTRF3SL01b,0
PTRF3SL06b,0
PTRF3SL01a,52906
PTRF3SL06c,0
PTRF3SL03c,0
PTRF3SL11,37064
PTRF3SL08a,68220
PTRF3SL08c,0
PTRF3SL02a,110073
PTRF3SL03b,0
PTRF3SL08b,0
PTRF3SL03a,64378
PTRF3SL02b,0
PTRF3SL10,55735
PTRF3SL09,61174
PTRF3SL12,70009
PTRF3SL05b,0
PTRF3SL07b,0
PTRF3SL07c,0
PTRF3SL06a,78079
PTRF3SL05a,75295
PTRF3SL05c,0
PTRF3SL04a,67206
PTRF3SL04b,0
PTRF3SL07a,76052
PTRF3SL04c,0
PTRF3SL02c,0
PTRF3SL01c,0
PTRF3P202,6861
PTRF3P201,1722
PTRF3P203,2519
PTRF3P503,4994
PTRF3P504,6478
PTRF3P501,3411
PTRF3P502,19983
PTRF3P401,1722
PTRF3P402,6861
PTRF3P403,2519
PTRF3P308,5854
PTRF3P305,6272
PTRF3P304,4337
PTRF3P303,4153
PTRF3P301,1613
PTRF3P302,7107
PTRF3P307,6506
PTRF3P306,7643
PTRF3P309,3472
PTRF3P104,6478
PTRF3P103,4994
PTRF3P102,19983
PTRF3P101,3411
PTRF3NW01,1505
PTRF3NW02,8203
PTRF3NW03,5837
PTRF3NW04,6226
PTRF3NW11,6978
PTRF3NW05,6369
PTRF3NW08,5872
PTRF3NW09,5866
PTRF3NW10,8320
PTRF3NW06,6223
PTRF3NW07,6148
PTRF3SW05,6369
PTRF3SW06,6223
PTRF3SW03,5837
PTRF3SW02,8203
PTRF3SW01,1505
PTRF3SW10,8320
PTRF3SW11,6978
PTRF3SW08,5872
PTRF3SW07,6148
PTRF3SW09,5866
PTRF3SW04,6226
PTRF3R09,44849
PTRF3R08,47363
PTRF3R14,40855
PTRF3R13,27784
PTRF3R11,40741
PTRF3R07,52849
PTRF3R06,53461
PTRF3R05,52773
PTRF3R03,96945
PTRF3R02,127870
PTRF3R01,76285
PTRF3R04,71944
PTRF3R12,40134
PTRF3R10,40706
PTRF4SW07,6148
PTRF4SW06,6223
PTRF4SW04,6226
PTRF4SW03,5837
PTRF4SW02,8203
PTRF4SW01,1505
PTRF4SW05,6369
PTRF4SW11,6978
PTRF4SW09,5866
PTRF4SW08,5872
PTRF4SW10,8463
PTRF4P101,3411
PTRF4P102,19983
PTRF4P104,6478
PTRF4P103,4994
PTRF4P201,1722
PTRF4P202,6861
PTRF4P203,2519
PTRF4P301,1613
PTRF4P303,4153
PTRF4P304,4337
PTRF4P306,7643
PTRF4P309,3472
PTRF4P302,7107
PTRF4P307,6506
PTRF4P308,5854
PTRF4P305,6272
PTRF4P504,6478
PTRF4P501,3411
PTRF4P503,4994
PTRF4P502,19983
PTRF4P403,2519
PTRF4P402,6861
PTRF4P401,1722
PTRF4NW11,6978
PTRF4NW10,8463
PTRF4NW09,5866
PTRF4NW07,6148
PTRF4NW06,6223
PTRF4NW05,6369
PTRF4NW01,1505
PTRF4NW08,5872
PTRF4NW03,5837
PTRF4NW02,8203
PTRF4NW04,6226
PTRF4SL07b,0
PTRF4SL12,70009
PTRF4SL11,37064
PTRF4SL02a,110073
PTRF4SL02b,0
PTRF4SL02c,0
PTRF4SL01a,52906
PTRF4SL10,55735
PTRF4SL09,61174
PTRF4SL08b,0
PTRF4SL08c,0
PTRF4SL07a,76052
PTRF4SL07c,0
PTRF4SL06a,78079
PTRF4SL06b,0
PTRF4SL06c,0
PTRF4SL05a,81164
PTRF4SL05c,0
PTRF4SL04b,0
PTRF4SL04c,0
PTRF4SL03a,63904
PTRF4SL03b,0
PTRF4SL01b,0
PTRF4SL01c,0
PTRF4SL08a,68220
PTRF4SL05b,0
PTRF4SL04a,71170
PTRF4SL03c,0
PTRF4R03,96945
PTRF4R01,76285
PTRF4R12,40134
PTRF4R10,40706
PTRF4R02,127870
PTRF4R14,40855
PTRF4R13,27784
PTRF4R11,40741
PTRF4R09,44342
PTRF4R08,47363
PTRF4R07,52849
PTRF4R06,53461
PTRF4R05,52773
PTRF4R04,71944
PT3C207W02a,855
PT3C207W01a,2826
PT3C207W04a,3154
PT3C207W03a,3586
PT3C208W04a,1958
PT3C208W03a,1278
PT3C208W02a,333
PT3C208W01a,1218
PT3C208F01b,16125
PT3C201F01,11499
PT3C202F01,17192
PT3C203F01,60783
PT3C204F01,0
PT3C205F01,16900
PT3C206F01,17606
PT3C207F01a,15882
PT3C207F01b,16406
PT3C208F01a,17957
PT3C208W02d,1109
PT3C208W01d,2406
PT3C208W02c,100
PT3C208W01c,100
PT3C208W02e,540
PT3C208W01e,1733
PT3C201W02,1156
PT3C202W02,4636
PT3C202W01,3403
PT3C203W02,7251
PT3C203W01,3735
PT3C204W02,4450
PT3C204W01,6412
PT3C205W02,2999
PT3C206W03,3532
PT3C206W02,4078
PT3C206W01,2046
PT3C207W07,2212
PT3C207W06,3602
PT3C207W05,5894
PT3C207W04b,3775
PT3C207W03b,4323
PT3C207W02b,2240
PT3C207W01b,4250
PT3C208W05,2986
PT3C208W04b,2970
PT3C208W03b,1193
PT3C208W02b,333
PT3C208W01b,1218
PT3C201W01,1144
PT3C205W01,4098
PT3C201R02,4910
PT3C201R01,6765
PT3C202R02,13680
PT3C202R01,7069
PT3C203R02,24411
PT3C203R01,28320
PT3C204R02,12280
PT3C204R01,7723
PT3C205R06,11005
PT3C205R05,4328
PT3C205R04a,0
PT3C205R04b,13296
PT3C205R03,5130
PT3C205R02,11075
PT3C205R01,8227
PT3C205P04,3905
PT3C205P03,1229
PT3C205P01,1895
PT3C206P04,3756
PT3C206P03,1884
PT3C206P02,972
PT3C206P01,2359
PT3C207P07,1715
PT3C207P06,2894
PT3C207P05,3483
PT3C207P04,4872
PT3C207P03,2370
PT3C207P02b,1318
PT3C207P01,243
PT3C208P05,513
PT3C208P04,3610
PT3C208P03,1546
PT3C208P02b,760
PT3C208P01,148
PT3C208P02a,760
PT3C207P02a,1318
PT3C205P02,1229
PT3C103W02d,3013
PT3C103W01d,4515
PT3C103W02c,0
PT3C103W01c,0
PT3C103W02e,818
PT3C103W01e,2729
PT3C102W04b,7992
PT3C102W03b,5970
PT3C102W02b,441
PT3C102W01b,3302
PT3C103W05,3930
PT3C103W04b,2059
PT3C103W03b,4373
PT3C103W02b,728
PT3C103W01b,1336
PT3C101W03,5327
PT3C101W02,7299
PT3C101W01,2195
PT3C102W07,565
PT3C102W06,4840
PT3C102W05,2225
PT3C102P09,1270
PT3C102P08,2690
PT3C102P07,3137
PT3C102P06,5407
PT3C102P05,4154
PT3C102P04,5433
PT3C102P03,1541
PT3C102P02b,1541
PT3C102P01,194
PT3C103P05,237
PT3C103P04,1245
PT3C103P03,1541
PT3C103P02b,1541
PT3C103P01,194
PT3C102P02a,0
PT3C103P02a,0
PT3C101F01,29768
PT3C102F01a,15253
PT3C102F01b,15844
PT3C103F01a,18792
PT3C103F01b,19202
PT3C103F01c,6750
PT3C101R07,16153
PT3C101R06,7857
PT3C101R05,1366
PT3C101R04a,5374
PT3C101R03a,102
PT3C101R03b,102
PT3C101R02,94
PT3C101R01,4853
PT3C101R04b,5374
PT3C102W04a,5883
PT3C102W03a,4094
PT3C102W02a,441
PT3C102W01a,3491
PT3C103W04a,2065
PT3C103W03a,5118
PT3C103W02a,513
PT3C103W01a,0
PT3C301W02b,6645
PT3C301W01b,6529
PT3C302W02b,6736
PT3C302W01b,7048
PT3C303W02b,7261
PT3C303W01b,7411
PT3C304W02b,6729
PT3C304W01b,7238
PT3C305W02b,5366
PT3C305W01b,4889
PT3C306W02b,7437
PT3C306W01b,3389
PT3C307W02b,3293
PT3C307W01b,5602
PT3C308W02b,2582
PT3C308W01b,4880
PT3C309W02b,2028
PT3C309W01b,3298
PT3C310W02b,5523
PT3C310W01b,2043
PT3C311W05b,4114
PT3C311W04b,2143
PT3C311W03b,12329
PT3C311W02b,2675
PT3C311W01b,2910
PT3C312W04b,1491
PT3C312W03b,3259
PT3C312W02b,1109
PT3C312W01b,1442
PT3C301W02a,3364
PT3C301W01a,5930
PT3C302W02a,3650
PT3C302W01a,5766
PT3C303W02a,3992
PT3C303W01a,6147
PT3C304W02a,3380
PT3C304W01a,5638
PT3C305W02a,3532
PT3C305W01a,5643
PT3C306W02a,2108
PT3C306W01a,5766
PT3C307W02a,3495
PT3C307W01a,5587
PT3C308W02a,2582
PT3C308W01a,4880
PT3C309W02a,2323
PT3C309W01a,3310
PT3C310W02a,5387
PT3C310W01a,2174
PT3C311W05a,4114
PT3C311W04a,2116
PT3C311W03a,12444
PT3C311W02a,2750
PT3C311W01a,2987
PT3C312W04a,1312
PT3C312W03a,3388
PT3C312W02a,1109
PT3C312W01a,1312
PT3C312W02d,1791
PT3C312W01d,1751
PT3C312W02c,246
PT3C312W01c,297
PT3C312W02e,1755
PT3C312W01e,1743
PT3C309P04,1578
PT3C309P03,1897
PT3C309P02,567
PT3C309P01,1420
PT3C310P04,2619
PT3C310P03,3192
PT3C310P02,2043
PT3C310P01,4239
PT3C311P07,867
PT3C311P06,3584
PT3C311P05,1635
PT3C311P04,3879
PT3C311P03,1613
PT3C311P02b,1961
PT3C311P01,245
PT3C312P05,953
PT3C312P04,1245
PT3C312P03,562
PT3C312P02b,1249
PT3C312P01,133
PT3C311P02a,1961
PT3C312P02a,0
PT3C301R02,13196
PT3C301R01,17640
PT3C302R02,0
PT3C302R01,0
PT3C303R02,11193
PT3C303R01,12773
PT3C304R02,13201
PT3C304R01,7445
PT3C305R02,12482
PT3C305R01,11937
PT3C306R01,11335
PT3C307R02,14833
PT3C307R01,8782
PT3C308R02,12298
PT3C308R01,12868
PT3C309R03,7532
PT3C309R02,4979
PT3C309R01,1850
PT3C310R05,7094
PT3C310R04,1577
PT3C310R03,6650
PT3C310R02,10928
PT3C310R01,6825
PT3C306R02,12108
PT3C301F01,39941
PT3C302F01,0
PT3C303F01,55480
PT3C304F01,28903
PT3C305F01,28969
PT3C306F01,28622
PT3C307F01,35324
PT3C308F01,36571
PT3C309F01,16780
PT3C310F01,24870
PT3C311F01a,17376
PT3C311F01b,17828
PT3C312F01a,16788
PT3C312F01b,23387
PT4C311P06,3584
PT4C311P04,3879
PT4C311P02a,0
PT4C309P04,1420
PT4C309P03,567
PT4C309P01,1578
PT4C310P04,2619
PT4C310P03,3192
PT4C310P02,2043
PT4C310P01,4239
PT4C311P07,867
PT4C311P05,1635
PT4C311P03,1613
PT4C311P02b,3923
PT4C311P01,245
PT4C312P05,953
PT4C312P04,1245
PT4C312P03,562
PT4C312P02b,1249
PT4C312P01,133
PT4C312P02a,0
PT4C309P02,1897
PT4C303bW02b,5040
PT4C303bW01b,5351
PT4C303W01b,2450
PT4C304W02b,7341
PT4C304W01b,8008
PT4C308W02b,2582
PT4C308W01b,4880
PT4C311W02b,2675
PT4C301W02b,6645
PT4C301W01b,6529
PT4C302W02b,6736
PT4C302W01b,7048
PT4C303W02b,2318
PT4C305W02b,5366
PT4C305W01b,4889
PT4C306W02b,7437
PT4C306W01b,3389
PT4C307W02b,3293
PT4C307W01b,5602
PT4C309W02b,2028
PT4C309W01b,3298
PT4C310W02b,5523
PT4C310W01b,2043
PT4C311W05b,4114
PT4C311W04b,2143
PT4C311W03b,12329
PT4C311W01b,2910
PT4C312W04b,1491
PT4C312W03b,3259
PT4C312W02b,1109
PT4C312W01b,1442
PT4C303bW01a,4514
PT4C302W01a,5766
PT4C312W01a,1312
PT4C301W02a,3364
PT4C301W01a,5930
PT4C302W02a,3650
PT4C303W02a,1257
PT4C303W01a,2081
PT4C304W02a,3493
PT4C304W01a,5524
PT4C305W02a,3532
PT4C305W01a,5643
PT4C306W02a,2108
PT4C306W01a,5766
PT4C307W02a,3495
PT4C307W01a,5587
PT4C308W02a,2582
PT4C308W01a,4880
PT4C309W02a,2323
PT4C309W01a,3310
PT4C310W02a,5387
PT4C310W01a,2174
PT4C311W05a,4114
PT4C311W04a,2116
PT4C311W03a,12444
PT4C311W02a,2750
PT4C311W01a,2987
PT4C312W04a,1312
PT4C312W03a,3388
PT4C312W02a,1109
PT4C303bW02a,2807
PT4C303bF01,26935
PT4C301F01,0
PT4C302F01,60783
PT4C303F01,0
PT4C304F01,29413
PT4C305F01,28966
PT4C306F01,28622
PT4C307F01,35324
PT4C308F01,36618
PT4C309F01,16780
PT4C310F01,24870
PT4C311F01a,18014
PT4C311F01b,17309
PT4C312F01a,16703
PT4C312F01b,23387
PT4C312W02c,246
PT4C312W02d,1791
PT4C312W01d,1751
PT4C312W01c,297
PT4C312W02e,1755
PT4C312W01e,1743
PT4C303bR01,9219
PT4C303bR02,8595
PT4C302R01,16406
PT4C306R01,11335
PT4C307R01,8782
PT4C310R04,1577
PT4C310R03,6650
PT4C301R02,13196
PT4C301R01,17640
PT4C302R02,12567
PT4C303R02,3883
PT4C303R01,4228
PT4C304R02,12885
PT4C304R01,7312
PT4C305R02,12482
PT4C305R01,11937
PT4C306R02,12108
PT4C307R02,14833
PT4C308R02,12298
PT4C308R01,12868
PT4C309R03,7532
PT4C309R02,4979
PT4C309R01,1850
PT4C310R05,7094
PT4C310R02,10928
PT4C310R01,6825
PT4C203bR02,4164
PT4C201R02,4910
PT4C201R01,6765
PT4C202R02,13680
PT4C202R01,7069
PT4C203R02,15752
PT4C203R01,8005
PT4C204R02,8411
PT4C204R01,6767
PT4C205R06,11005
PT4C205R05,4328
PT4C205R04a,6648
PT4C205R04b,6648
PT4C205R03,5130
PT4C205R02,11075
PT4C205R01,8227
PT4C203bR01,2328
PT4C203bF01,4971
PT4C206F01,17606
PT4C201F01,11499
PT4C202F01,17192
PT4C203F01,39941
PT4C204F01,12194
PT4C205F01,16900
PT4C207F01a,15882
PT4C207F01b,16406
PT4C208F01a,17957
PT4C208F01b,16125
PT4C208W01e,1733
PT4C208W02d,1109
PT4C208W01d,2406
PT4C208W02c,100
PT4C208W01c,100
PT4C208W02e,540
PT4C208P04,1967
PT4C207P03,2370
PT4C205P04,3905
PT4C205P03,1229
PT4C205P02,1229
PT4C205P01,1895
PT4C206P04,3756
PT4C206P03,1884
PT4C206P02,972
PT4C206P01,2359
PT4C207P07,1715
PT4C207P06,2894
PT4C207P05,3483
PT4C207P04,4872
PT4C207P02b,2636
PT4C207P01,243
PT4C208P05,1398
PT4C208P03,1546
PT4C208P02b,1520
PT4C208P01,148
PT4C208P02a,0
PT4C207P02a,0
PT4C203bW01,2337
PT4C203bW02,1364
PT4C205W02,2999
PT4C201W02,1156
PT4C201W01,1144
PT4C202W02,4636
PT4C202W01,3403
PT4C203W02,7251
PT4C203W01,3735
PT4C204W02,2383
PT4C204W01,4639
PT4C205W01,4098
PT4C206W03,3532
PT4C206W02,4078
PT4C206W01,2046
PT4C207W07,2212
PT4C207W06,3602
PT4C207W05,5894
PT4C207W04b,3775
PT4C207W03b,4323
PT4C207W02b,2240
PT4C207W01b,4250
PT4C208W05,2986
PT4C208W04b,2970
PT4C208W03b,1193
PT4C208W02b,333
PT4C208W01b,1218
PT4C207W03a,3586
PT4C207W02a,855
PT4C207W04a,3154
PT4C207W01a,2826
PT4C208W04a,1958
PT4C208W03a,1278
PT4C208W02a,333
PT4C208W01a,1218
PT4C102P08,2690
PT4C102P09,1270
PT4C102P07,3137
PT4C102P06,5407
PT4C102P05,3917
PT4C102P04,4188
PT4C102P03,769
PT4C102P02b,3081
PT4C102P01,194
PT4C103P05,237
PT4C103P04,1245
PT4C103P03,769
PT4C103P02b,3081
PT4C103P01,194
PT4C102P02a,0
PT4C103P02a,0
PT4C103W02d,2980
PT4C103W01d,4515
PT4C103W02c,0
PT4C103W01c,0
PT4C103W02e,818
PT4C103W01e,2729
PT4C102W04a,5883
PT4C102W03a,4094
PT4C102W02a,882
PT4C102W01a,3491
PT4C103W04a,2065
PT4C103W03a,3053
PT4C103W02a,513
PT4C103W01a,0
PT4C103F01b,19202
PT4C101F01,29768
PT4C102F01a,15253
PT4C102F01b,15844
PT4C103F01a,18792
PT4C103F01c,6750
PT4C101R02,94
PT4C101R07,16153
PT4C101R06,7857
PT4C101R05,1366
PT4C101R04a,5374
PT4C101R04b,5374
PT4C101R03a,102
PT4C101R03b,102
PT4C101R01,4853
PT4C103W02b,676
PT4C103W01b,1284
PT4C101W03,5327
PT4C101W02,7299
PT4C101W01,2195
PT4C102W07,490
PT4C102W06,4840
PT4C102W05,2225
PT4C102W04b,7992
PT4C102W03b,5970
PT4C102W02b,1955
PT4C102W01b,3302
PT4C103W05,1532
PT4C103W04b,2398
PT4C103W03b,4373
PVS3C04a1,34510
PVS3C02a1,4321
PVS3C03a2,8535
PVS3C02a2,7257
PVS3C05a1,25168
PVS3C03a1,6109
PVS3C05a2,21638
PVS3C03a5,8422
PVS3C02a3,7291
PVS3C04a2,29519
PVS3C02a5,7291
PVS3C02a4,7259
PVS3C03a3,8422
PVS3C03a4,8534
PVS3C03a7,6118
PVS3C02a7,4458
PVS3C03a6,8534
PVS3C04a3,34157
PVS3C02a6,7259
PVS3C05a3,25249
PVS3C01a1,81430
PVS3C05b1,19693
PVS3C03b2,4407
PVS3C03b1,4914
PVS3C04b1,19713
PVS3C02b2,1911
PVS3C01b1,27081
PVS3C02b1,1912
PVS3C02b5,2562
PVS3C02b4,1739
PVS3C03b4,3942
PVS3C02b3,2414
PVS3C04b2,16483
PVS3C05b2,12089
PVS3C03b3,5185
PVS3C01b2,18616
PVS3C03b5,5377
PVS3C02b7,1877
PVS3C02b6,1613
PVS3C03b6,3678
PVS3C04b3,19628
PVS3C03b7,4877
PVS3C01b3,30574
PVS3C05b3,20787
PVS3W07,87768
PVS3W06,84408
PVS3W05,59837
PVS3W04,60113
PVS3W03,60113
PVS3W02,55591
PVS3W01,32971
PVS4C03a2,8535
PVS4C02a1,4301
PVS4C02a2,7153
PVS4C03a1,6109
PVS4C04a1,34381
PVS4C05a1,25175
PVS4C03a5,8422
PVS4C03a3,8422
PVS4C02a3,7187
PVS4C04a2,29500
PVS4C05a2,21638
PVS4C02a5,7187
PVS4C03a4,8534
PVS4C02a4,7155
PVS4C04a3,34023
PVS4C03a7,6142
PVS4C03a6,8534
PVS4C02a6,7155
PVS4C05a3,25281
PVS4C02a7,4436
PVS4C02b1,1912
PVS4C03b1,4914
PVS4C02b2,1911
PVS4C03b2,4407
PVS4C04b1,20422
PVS4C05b1,19693
PVS4C01b1,27081
PVS4C03b5,5377
PVS4C02b5,2562
PVS4C05b2,12089
PVS4C03b3,5185
PVS4C02b3,2414
PVS4C01b2,18616
PVS4C02b4,1739
PVS4C03b4,3942
PVS4C04b2,15250
PVS4C02b6,1613
PVS4C03b7,4877
PVS4C03b6,3678
PVS4C02b7,1877
PVS4C04b3,19628
PVS4C01b3,30574
PVS4C05b3,20787
PVS4C01a1,81430
PVS4W06,84408
PVS4W03,60113
PVS4W02,55591
PVS4W05,59837
PVS4W04,60113
PVS4W01,32971
PVS4W07,87768
PT1C204F01,27485
PT1C207F01b,16406
PT1C201F01,11499
PT1C205F01,16891
PT1C206F01,17606
PT1C207F01a,15882
PT1C202F01,17192
PT1C203F01,27544
PT1C208F01a,17957
PT1C208F01b,15252
PT1C202R01,7338
PT1C203R01,10274
PT1C203R02,12578
PT1C201R02,4860
PT1C205R05,7968
PT1C201R01,6704
PT1C202R02,15327
PT1C204R02,11734
PT1C204R01,10250
PT1C205R06,8716
PT1C205R04a,10152
PT1C205R04b,0
PT1C205R03,6413
PT1C205R02,7274
PT1C205R01,10791
PT1C206W02,4078
PT1C204W01,6571
PT1C208W04b,2817
PT1C202W02,4636
PT1C201W01,1144
PT1C202W01,3403
PT1C205W02,3000
PT1C201W02,1156
PT1C207W05,5894
PT1C207W04b,3222
PT1C207W03b,3569
PT1C207W02b,890
PT1C207W01b,2949
PT1C208W05,2731
PT1C208W03b,1292
PT1C208W02b,0
PT1C208W01b,0
PT1C203W02,5098
PT1C203W01,3332
PT1C204W02,4804
PT1C205W01,4098
PT1C206W03,3532
PT1C207W07,2212
PT1C207W06,3602
PT1C206W01,2046
PT1C208P01,148
PT1C207P07,1715
PT1C207P06,2894
PT1C207P05,3483
PT1C207P03,2370
PT1C207P02,2636
PT1C207P01,243
PT1C205P04,3905
PT1C205P03,1229
PT1C205P02,1229
PT1C206P03,1850
PT1C206P01,2338
PT1C208P05,1398
PT1C208P04,1967
PT1C208P03,1435
PT1C208P02,1077
PT1C206P04,3598
PT1C207P04,4872
PT1C205P01,1895
PT1C206P02,972
PT1C207W03a,3586
PT1C207W04a,3154
PT1C207W01a,2826
PT1C207W02a,855
PT1C208W04a,1878
PT1C208W01a,0
PT1C208W03a,1278
PT1C208W02a,7713
PT1C208W02e,0
PT1C208W02c,0
PT1C208W02d,0
PT1C208W01c,0
PT1C208W01d,0
PT1C208W01e,0
PT1C312W02c,248
PT1C312W02e,1755
PT1C312W01c,295
PT1C312W01d,1751
PT1C312W02d,1732
PT1C312W01e,1743
PT1C309W01b,3063
PT1C310W01b,2147
PT1C302W01b,6291
PT1C304W01b,7458
PT1C309W02b,1445
PT1C306W01b,3389
PT1C310W02b,5523
PT1C307W02b,2778
PT1C307W01b,4847
PT1C308W02b,3034
PT1C308W01b,5124
PT1C311W05b,4114
PT1C311W04b,2143
PT1C301W02b,6645
PT1C301W01b,6529
PT1C302W02b,6431
PT1C303W02b,7510
PT1C303W01b,7560
PT1C305W02b,5366
PT1C305W01b,4889
PT1C311W03b,12037
PT1C311W02b,2675
PT1C311W01b,2910
PT1C312W04b,1312
PT1C312W03b,4273
PT1C312W02b,1109
PT1C312W01b,1312
PT1C304W02b,6437
PT1C306W02b,7437
PT1C311W04a,2116
PT1C302W01a,5766
PT1C309W02a,1445
PT1C309W01a,3063
PT1C307W01a,4513
PT1C308W02a,3034
PT1C308W01a,5536
PT1C311W05a,4114
PT1C311W03a,12037
PT1C311W01a,2987
PT1C312W04a,1312
PT1C312W03a,3227
PT1C312W02a,1109
PT1C301W02a,3364
PT1C301W01a,5930
PT1C302W02a,3302
PT1C303W02a,4188
PT1C303W01a,6849
PT1C304W02a,3380
PT1C304W01a,5738
PT1C305W02a,3519
PT1C305W01a,5643
PT1C306W02a,2108
PT1C306W01a,5550
PT1C310W02a,5387
PT1C310W01a,2174
PT1C307W02a,2778
PT1C312W01a,1312
PT1C311W02a,2750
PT1C312P03,554
PT1C312P02,1249
PT1C312P04,1245
PT1C312P05,953
PT1C312P01,133
PT1C309P04,1822
PT1C309P03,2223
PT1C309P02,892
PT1C309P01,2043
PT1C310P04,2375
PT1C310P03,2867
PT1C310P02,1718
PT1C310P01,3509
PT1C311P07,867
PT1C311P06,3584
PT1C311P05,1635
PT1C311P04,3879
PT1C311P03,1613
PT1C311P02,3973
PT1C311P01,315
PT1C301R01,17187
PT1C302R02,12578
PT1C302R01,10274
PT1C303R02,11734
PT1C304R02,13544
PT1C304R01,7445
PT1C307R02,12092
PT1C309R03,7590
PT1C309R02,270
PT1C306R01,11049
PT1C309R01,5976
PT1C310R05,8065
PT1C310R04,2835
PT1C310R02,11413
PT1C310R01,6444
PT1C308R02,12609
PT1C308R01,12971
PT1C301R02,12684
PT1C303R01,10250
PT1C307R01,7367
PT1C305R02,12457
PT1C305R01,11701
PT1C306R02,11960
PT1C310R03,5321
PT1C301F01,39809
PT1C302F01,27544
PT1C303F01,27485
PT1C304F01,28071
PT1C305F01,29457
PT1C306F01,29331
PT1C307F01,29636
PT1C310F01,23510
PT1C308F01,33974
PT1C311F01b,16860
PT1C309F01,14663
PT1C311F01a,16505
PT1C312F01a,15869
PT1C312F01b,21350
PT1C102W01a,3444
PT1C103W01a,0
PT1C102W04a,5630
PT1C102W03a,4193
PT1C103W04a,1910
PT1C103W03a,2869
PT1C103W02a,9297
PT1C102W02a,882
PT1C103W02c,0
PT1C103W02d,0
PT1C103W02e,0
PT1C103W01c,0
PT1C103W01d,0
PT1C103W01e,0
PT1C102P02,3267
PT1C103P04,3487
PT1C102P09,1165
PT1C102P08,2690
PT1C102P07,4693
PT1C102P06,3852
PT1C102P05,1424
PT1C102P04,3487
PT1C102P03,584
PT1C102P01,194
PT1C103P05,1424
PT1C103P01,194
PT1C103P02,3267
PT1C103P03,584
PT1C101R07,16126
PT1C101R06,6641
PT1C101R05,5495
PT1C101R04a,9789
PT1C101R04b,0
PT1C101R02,258
PT1C101R03b,0
PT1C101R03a,2263
PT1C101R01,3067
PT1C103W05,1404
PT1C103W04b,2398
PT1C103W02b,0
PT1C102W02b,649
PT1C102W01b,2444
PT1C103W01b,0
PT1C102W03b,5689
PT1C101W03,5180
PT1C101W02,7449
PT1C101W01,2195
PT1C102W07,2112
PT1C102W04b,7843
PT1C103W03b,3884
PT1C102W05,2225
PT1C102W06,3030
PT1C103F01a,18792
PT1C103F01c,13668
PT1C103F01b,18948
PT1C101F01,29768
PT1C102F01a,15253
PT1C102F01b,15844
PT2C102W03a,4193
PT2C102W04a,5630
PT2C102W02a,882
PT2C102W01a,3444
PT2C103W04a,1910
PT2C103W03a,2869
PT2C103W02a,9297
PT2C103W01a,0
PT2C101W03,5180
PT2C101W02,7449
PT2C101W01,2195
PT2C102W06,3030
PT2C102W05,2225
PT2C102W04b,7843
PT2C102W02b,649
PT2C102W01b,2444
PT2C103W05,1404
PT2C103W04b,2398
PT2C103W03b,3884
PT2C103W02b,0
PT2C103W01b,0
PT2C102W07,2112
PT2C102W03b,5689
PT2C103W02c,0
PT2C103W02d,0
PT2C103W02e,0
PT2C103W01c,0
PT2C103W01d,0
PT2C103W01e,0
PT2C103P04,3487
PT2C103P02,3267
PT2C102P05,1424
PT2C102P01,194
PT2C103P03,584
PT2C102P09,1165
PT2C102P08,2690
PT2C102P07,4693
PT2C102P06,3852
PT2C102P04,3487
PT2C102P03,584
PT2C103P05,1424
PT2C103P01,194
PT2C102P02,3267
PT2C101F01,29768
PT2C102F01a,15253
PT2C102F01b,15844
PT2C103F01a,18792
PT2C103F01b,18948
PT2C103F01c,13668
PT2C101R04a,9789
PT2C101R04b,0
PT2C101R02,258
PT2C101R07,16126
PT2C101R06,6641
PT2C101R03b,0
PT2C101R05,5495
PT2C101R01,3067
PT2C101R03a,2263
PT2C201F01,11499
PT2C207F01a,15882
PT2C202F01,17192
PT2C204F01,27485
PT2C207F01b,16406
PT2C208F01a,17957
PT2C208F01b,15252
PT2C203F01,27544
PT2C205F01,16891
PT2C206F01,17606
PT2C207W04a,3154
PT2C207W02a,855
PT2C207W01a,2826
PT2C208W04a,1878
PT2C208W03a,1278
PT2C208W01a,0
PT2C207W03a,3586
PT2C208W02a,7713
PT2C201W02,1156
PT2C202W02,4636
PT2C201W01,1144
PT2C202W01,3403
PT2C207W07,2212
PT2C207W06,3602
PT2C207W05,5894
PT2C207W04b,3222
PT2C207W03b,3569
PT2C207W02b,890
PT2C207W01b,2949
PT2C208W05,2731
PT2C208W04b,2817
PT2C203W02,5098
PT2C203W01,3332
PT2C204W02,4804
PT2C204W01,6571
PT2C205W02,0
PT2C205W01,4098
PT2C206W03,3532
PT2C206W02,4078
PT2C206W01,2046
PT2C208W03b,1292
PT2C208W02b,0
PT2C208W01b,0
PT2C205P03,1229
PT2C206P04,3598
PT2C206P03,1850
PT2C206P02,972
PT2C206P01,2338
PT2C207P03,2370
PT2C205P04,3905
PT2C205P02,1229
PT2C205P01,1895
PT2C208P05,1398
PT2C208P04,1967
PT2C208P03,1435
PT2C208P02,1077
PT2C208P01,148
PT2C207P07,1715
PT2C207P06,2894
PT2C207P05,3483
PT2C207P04,4872
PT2C207P02,2636
PT2C207P01,243
PT2C201R02,4860
PT2C201R01,6704
PT2C202R02,15327
PT2C205R03,6413
PT2C205R02,7274
PT2C202R01,7338
PT2C203R02,12578
PT2C203R01,10274
PT2C204R02,11734
PT2C204R01,10250
PT2C205R06,8716
PT2C205R05,7968
PT2C205R04a,10152
PT2C205R04b,0
PT2C205R01,10791
PT2C208W01e,0
PT2C208W02c,0
PT2C208W02d,0
PT2C208W02e,0
PT2C208W01c,0
PT2C208W01d,0
PT2C309F01,14395
PT2C310F01,23180
PT2C301F01,39809
PT2C305F01,27903
PT2C306F01,29331
PT2C307F01,28852
PT2C308F01,33866
PT2C311F01a,17150
PT2C311F01b,17291
PT2C312F01a,16780
PT2C312F01b,23009
PT2C302F01,27544
PT2C303F01,27485
PT2C304F01,28071
PT2C308W01a,6101
PT2C309W02a,1862
PT2C309W01a,3063
PT2C310W02a,5475
PT2C305W02a,3519
PT2C305W01a,6510
PT2C307W02a,2778
PT2C307W01a,5029
PT2C308W02a,2961
PT2C310W01a,2174
PT2C311W05a,4114
PT2C311W03a,12037
PT2C311W02a,2750
PT2C311W01a,2987
PT2C312W04a,1312
PT2C312W03a,3227
PT2C312W02a,1109
PT2C312W01a,1312
PT2C301W02a,3364
PT2C301W01a,5930
PT2C302W02a,3302
PT2C302W01a,5766
PT2C303W02a,4188
PT2C303W01a,6849
PT2C304W02a,3380
PT2C304W01a,5517
PT2C306W02a,3626
PT2C306W01a,5550
PT2C311W04a,2116
PT2C303W02b,7510
PT2C303W01b,7560
PT2C304W02b,6437
PT2C304W01b,7458
PT2C305W01b,4889
PT2C306W02b,7437
PT2C306W01b,3389
PT2C307W01b,4847
PT2C308W01b,6101
PT2C309W02b,1862
PT2C309W01b,3063
PT2C310W02b,5631
PT2C310W01b,2147
PT2C311W05b,4114
PT2C305W02b,5366
PT2C307W02b,2778
PT2C308W02b,2961
PT2C311W04b,2143
PT2C311W03b,12037
PT2C311W02b,2675
PT2C311W01b,2910
PT2C312W04b,1312
PT2C312W03b,4273
PT2C312W02b,1109
PT2C312W01b,1312
PT2C301W02b,6645
PT2C301W01b,6529
PT2C302W02b,6431
PT2C302W01b,6291
PT2C308R02,12609
PT2C309R03,7590
PT2C309R02,270
PT2C309R01,5976
PT2C310R01,6444
PT2C305R02,12382
PT2C305R01,11701
PT2C306R02,12967
PT2C306R01,12446
PT2C307R02,12092
PT2C307R01,7367
PT2C308R01,12971
PT2C310R05,8065
PT2C310R04,2835
PT2C310R03,5321
PT2C310R02,11413
PT2C301R02,12684
PT2C301R01,17187
PT2C302R02,12578
PT2C302R01,10274
PT2C303R02,11734
PT2C303R01,10250
PT2C304R02,13544
PT2C304R01,7445
PT2C312W02c,248
PT2C312W02d,1732
PT2C312W02e,1755
PT2C312W01c,295
PT2C312W01d,1751
PT2C312W01e,1743
PT2C309P04,1822
PT2C309P03,2223
PT2C309P01,2043
PT2C310P03,2867
PT2C310P01,3509
PT2C311P06,3584
PT2C311P02,3973
PT2C312P03,554
PT2C312P02,1249
PT2C312P01,133
PT2C309P02,892
PT2C310P02,1718
PT2C311P07,867
PT2C311P05,1635
PT2C311P04,3879
PT2C311P03,1613
PT2C311P01,315
PT2C312P05,953
PT2C312P04,1245
PT2C310P04,2375
PVS2C01a1,78036
PVS2C04a3,33898
PVS2C03a7,6314
PVS2C05a3,26309
PVS2C03a6,8567
PVS2C02a6,7259
PVS2C02a7,4394
PVS2C03a2,8587
PVS2C02a1,4287
PVS2C04a1,33880
PVS2C05a1,24479
PVS2C03a1,6371
PVS2C02a2,7257
PVS2C04a2,29235
PVS2C03a3,8524
PVS2C03a5,8524
PVS2C02a5,7291
PVS2C05a2,21680
PVS2C02a3,7300
PVS2C02a4,7259
PVS2C03a4,8567
PVS2C04b2,15269
PVS2C03b4,3959
PVS2C03b3,5205
PVS2C05b2,12105
PVS2C03b5,5397
PVS2C02b3,2414
PVS2C02b4,1739
PVS2C02b5,2562
PVS2C01b2,18332
PVS2C04b3,19630
PVS2C05b3,20817
PVS2C02b7,1877
PVS2C01b3,29852
PVS2C03b7,4907
PVS2C02b6,1613
PVS2C03b6,3694
PVS2C03b1,4944
PVS2C05b1,19764
PVS2C04b1,19299
PVS2C03b2,4420
PVS2C02b2,1960
PVS2C01b1,24166
PVS2C02b1,1912
PVS2W06,82236
PVS2W07,82740
PVS2W05,58278
PVS2W04,58317
PVS2W03,58637
PVS2W01,31779
PVS2W02,54862
PVS1C02a2,7257
PVS1C03a2,8587
PVS1C03a1,6404
PVS1C04a1,34843
PVS1C02a1,4287
PVS1C05a1,24420
PVS1C03a4,8567
PVS1C03a3,8524
PVS1C04a2,28739
PVS1C02a3,7321
PVS1C02a5,7291
PVS1C02a4,7259
PVS1C03a5,8524
PVS1C05a2,22259
PVS1C04a3,34059
PVS1C05a3,25239
PVS1C02a6,7259
PVS1C02a7,4425
PVS1C03a6,8567
PVS1C03a7,6346
PVS1C01a1,76382
PVS1C02b2,1911
PVS1C03b1,4944
PVS1C03b2,4420
PVS1C04b1,19299
PVS1C02b1,1912
PVS1C01b1,24166
PVS1C05b1,19737
PVS1C04b2,15269
PVS1C03b4,3959
PVS1C03b5,5397
PVS1C03b3,5205
PVS1C02b3,2414
PVS1C02b4,1739
PVS1C02b5,2562
PVS1C01b2,18373
PVS1C05b2,12105
PVS1C05b3,20613
PVS1C02b6,1613
PVS1C04b3,19630
PVS1C03b7,4907
PVS1C03b6,3694
PVS1C02b7,1877
PVS1C01b3,29852
PVS1W03,58637
PVS1W04,58317
PVS1W05,58198
PVS1W07,83342
PVS1W01,31746
PVS1W02,55165
PVS1W06,82015
PTRF1R04,60944
PTRF1R13,33108
PTRF1R14,33108
PTRF1R10,36794
PTRF1R11,35059
PTRF1R09,40645
PTRF1R08,44552
PTRF1R07,45431
PTRF1R05,51326
PTRF1R03,82487
PTRF1R02,117957
PTRF1R01,60626
PTRF1R12,38182
PTRF1R06,49566
PTRF1SL04c,0
PTRF1SL09,40964
PTRF1SL06b,0
PTRF1SL10,50619
PTRF1SL04b,0
PTRF1SL02a,90007
PTRF1SL06a,58920
PTRF1SL05c,0
PTRF1SL01b,0
PTRF1SL02c,0
PTRF1SL05a,64522
PTRF1SL03c,0
PTRF1SL01c,0
PTRF1SL06c,0
PTRF1SL04a,57900
PTRF1SL12,54318
PTRF1SL11,31861
PTRF1SL08c,0
PTRF1SL07b,0
PTRF1SL07c,0
PTRF1SL05b,0
PTRF1SL03a,54871
PTRF1SL03b,0
PTRF1SL01a,46764
PTRF1SL02b,0
PTRF1SL08a,51658
PTRF1SL08b,0
PTRF1SL07a,58573
PTRF1SW07,4850
PTRF1SW10,7595
PTRF1SW08,4850
PTRF1SW06,5008
PTRF1SW09,4619
PTRF1SW05,4597
PTRF1SW04,4450
PTRF1SW03,4928
PTRF1SW01,1284
PTRF1SW11,6083
PTRF1SW02,6332
PTRF1NW11,6083
PTRF1NW10,7595
PTRF1NW09,4619
PTRF1NW08,4850
PTRF1NW05,4597
PTRF1NW04,4450
PTRF1NW03,4928
PTRF1NW07,4850
PTRF1NW06,5008
PTRF1NW01,1284
PTRF1NW02,6332
PTRF1P201,1792
PTRF1P202,5863
PTRF1P203,2223
PTRF1P401,1792
PTRF1P402,5863
PTRF1P403,2223
PTRF1P101,3184
PTRF1P102,17875
PTRF1P104,6193
PTRF1P103,4641
PTRF1P301,1666
PTRF1P302,6421
PTRF1P303,4298
PTRF1P304,4251
PTRF1P305,6449
PTRF1P306,6766
PTRF1P307,6124
PTRF1P308,4546
PTRF1P309,3108
PTRF1P504,6193
PTRF1P501,3184
PTRF1P502,17875
PTRF1P503,4641
PTRF2SL08a,51667
PTRF2SL08c,0
PTRF2SL07c,0
PTRF2SL09,35506
PTRF2SL07b,0
PTRF2SL12,56674
PTRF2SL11,33876
PTRF2SL05b,0
PTRF2SL05a,63045
PTRF2SL08b,0
PTRF2SL10,53177
PTRF2SL06b,0
PTRF2SL01b,0
PTRF2SL04b,0
PTRF2SL06a,59394
PTRF2SL04a,55636
PTRF2SL06c,0
PTRF2SL02a,70286
PTRF2SL07a,58995
PTRF2SL02c,0
PTRF2SL01c,0
PTRF2SL02b,0
PTRF2SL03c,0
PTRF2SL03b,0
PTRF2SL03a,53220
PTRF2SL04c,0
PTRF2SL05c,0
PTRF2SL01a,51037
PTRF2P203,4256
PTRF2P202,1734
PTRF2P201,4117
PTRF2P307,5447
PTRF2P304,5576
PTRF2P303,5656
PTRF2P302,4066
PTRF2P306,7602
PTRF2P301,4423
PTRF2P305,7312
PTRF2P309,2250
PTRF2P308,1978
PTRF2P104,5322
PTRF2P103,8806
PTRF2P102,9222
PTRF2P101,7813
PTRF2P501,7813
PTRF2P502,9222
PTRF2P503,8947
PTRF2P504,5322
PTRF2P401,4117
PTRF2P402,1734
PTRF2P403,4256
PTRF2SW02,3954
PTRF2SW03,4927
PTRF2SW04,3918
PTRF2SW05,3962
PTRF2SW09,4371
PTRF2SW01,3515
PTRF2SW06,3638
PTRF2SW07,3772
PTRF2SW08,3813
PTRF2SW10,5445
PTRF2SW11,3469
PTRF2NW07,3772
PTRF2NW01,3435
PTRF2NW04,3918
PTRF2NW06,3638
PTRF2NW02,3954
PTRF2NW10,5445
PTRF2NW03,4927
PTRF2NW08,3813
PTRF2NW05,3962
PTRF2NW09,4371
PTRF2NW11,3469
PTRF2R01,62677
PTRF2R05,51996
PTRF2R06,51360
PTRF2R14,35061
PTRF2R08,43402
PTRF2R07,46499
PTRF2R12,40528
PTRF2R10,36043
PTRF2R04,60240
PTRF2R11,32362
PTRF2R09,41196
PTRF2R13,37577
PTRF2R02,112585
PTRF2R03,86503
PVS5W02,56447
PVS5W01,32719
PVS5W05,61368
PVS5W03,60572
PVS5W04,60989
PVS5W06,92532
PVS5W07,90640
PVS5C04b1,20501
PVS5C05b1,19622
PVS5C03b1,4914
PVS5C03b2,4407
PVS5C02b1,1912
PVS5C02b2,1911
PVS5C01b1,27008
PVS5C04b2,16467
PVS5C05b2,12031
PVS5C03b3,5185
PVS5C03b4,3942
PVS5C03b5,5377
PVS5C02b3,2414
PVS5C02b4,1739
PVS5C02b5,2562
PVS5C01b2,18569
PVS5C04b3,19575
PVS5C05b3,20713
PVS5C03b6,3678
PVS5C03b7,4877
PVS5C02b6,1613
PVS5C02b7,1877
PVS5C01b3,30506
PVS5C03a5,8422
PVS5C02a3,7187
PVS5C02a4,7155
PVS5C05a2,21576
PVS5C04a2,29331
PVS5C03a3,8422
PVS5C03a4,8534
PVS5C02a5,7187
PVS5C03a7,6126
PVS5C02a7,4422
PVS5C05a3,25217
PVS5C04a3,33907
PVS5C02a6,7155
PVS5C03a6,8534
PVS5C03a2,8535
PVS5C02a2,7153
PVS5C05a1,24733
PVS5C03a1,6116
PVS5C02a1,4284
PVS5C04a1,34169
PVS5C01a1,81324
PVS6C05b1,19622
PVS6C04b1,20501
PVS6C03b1,4914
PVS6C03b2,4407
PVS6C02b1,1912
PVS6C02b2,1911
PVS6C01b1,27008
PVS6C05b2,12050
PVS6C04b2,16467
PVS6C03b3,5185
PVS6C03b4,3942
PVS6C02b3,2414
PVS6C02b4,1739
PVS6C02b5,2562
PVS6C01b2,18569
PVS6C03b5,5377
PVS6C01b3,30506
PVS6C05b3,20713
PVS6C03b6,3678
PVS6C02b6,1613
PVS6C04b3,19575
PVS6C03b7,4877
PVS6C02b7,1877
PVS6C01a1,81181
PVS6C04a2,29331
PVS6C03a3,8603
PVS6C03a4,8534
PVS6C03a5,8603
PVS6C02a4,7252
PVS6C02a5,7284
PVS6C05a2,21576
PVS6C02a3,7285
PVS6C03a7,6118
PVS6C05a3,25217
PVS6C04a3,33907
PVS6C03a6,8534
PVS6C02a6,7252
PVS6C02a7,4422
PVS6C02a2,7250
PVS6C04a1,34169
PVS6C02a1,4284
PVS6C03a2,8579
PVS6C05a1,24733
PVS6C03a1,6109
PVS6W07,90640
PVS6W04,60989
PVS6W06,92532
PVS6W03,60572
PVS6W05,61368
PVS6W01,32719
PVS6W02,56447
PTRF5NW08,5841
PTRF5NW11,7057
PTRF5NW10,8508
PTRF5NW09,5979
PTRF5NW07,6148
PTRF5NW06,6223
PTRF5NW05,6369
PTRF5NW04,6226
PTRF5NW03,5837
PTRF5NW02,8203
PTRF5NW01,1505
PTRF5SW11,7057
PTRF5SW10,8508
PTRF5SW09,5979
PTRF5SW08,5841
PTRF5SW07,6148
PTRF5SW06,6223
PTRF5SW05,6369
PTRF5SW04,6226
PTRF5SW03,5837
PTRF5SW02,8203
PTRF5SW01,1505
PTRF5P303,4116
PTRF5P302,7078
PTRF5P307,6488
PTRF5P305,6249
PTRF5P309,3468
PTRF5P301,1596
PTRF5P308,5842
PTRF5P306,7616
PTRF5P304,4311
PTRF5P104,6478
PTRF5P102,19983
PTRF5P101,3411
PTRF5P103,4994
PTRF5P201,1722
PTRF5P202,6861
PTRF5P203,2519
PTRF5P403,2519
PTRF5P401,1722
PTRF5P402,6861
PTRF5P503,4994
PTRF5P501,3411
PTRF5P502,19983
PTRF5P504,6478
PTRF5R05,52773
PTRF5R01,76285
PTRF5R02,127870
PTRF5R04,71944
PTRF5R06,53461
PTRF5R07,52849
PTRF5R08,47363
PTRF5R11,40741
PTRF5R12,40134
PTRF5R14,40855
PTRF5R13,27756
PTRF5R10,40706
PTRF5R03,96945
PTRF5R09,44849
PTRF5SL04a,67206
PTRF5SL06b,0
PTRF5SL08c,0
PTRF5SL08a,68609
PTRF5SL05a,75295
PTRF5SL01b,0
PTRF5SL08b,0
PTRF5SL06c,0
PTRF5SL02c,0
PTRF5SL01c,0
PTRF5SL12,69913
PTRF5SL01a,52906
PTRF5SL02b,0
PTRF5SL02a,110073
PTRF5SL03c,0
PTRF5SL03b,0
PTRF5SL03a,64378
PTRF5SL04c,0
PTRF5SL04b,0
PTRF5SL05c,0
PTRF5SL05b,0
PTRF5SL06a,78079
PTRF5SL07b,0
PTRF5SL07a,76052
PTRF5SL09,60351
PTRF5SL10,55669
PTRF5SL07c,0
PTRF5SL11,37038
PTRF6SL07a,70270
PTRF6SL08c,0
PTRF6SL08b,0
PTRF6SL08a,68220
PTRF6SL09,61102
PTRF6SL10,55669
PTRF6SL11,37038
PTRF6SL12,69913
PTRF6SL07c,0
PTRF6SL05b,0
PTRF6SL06b,0
PTRF6SL01c,0
PTRF6SL01b,0
PTRF6SL01a,52906
PTRF6SL02b,0
PTRF6SL02a,110073
PTRF6SL03c,0
PTRF6SL03b,0
PTRF6SL03a,64378
PTRF6SL04c,0
PTRF6SL04b,0
PTRF6SL04a,67206
PTRF6SL05c,0
PTRF6SL05a,75339
PTRF6SL06c,0
PTRF6SL06a,71938
PTRF6SL07b,0
PTRF6SL02c,0
PTRF6R06,53461
PTRF6R01,76285
PTRF6R02,127870
PTRF6R03,96945
PTRF6R04,71944
PTRF6R07,52849
PTRF6R08,47363
PTRF6R11,40741
PTRF6R13,27756
PTRF6R10,40706
PTRF6R05,52773
PTRF6R09,44849
PTRF6R12,40134
PTRF6R14,40855
PTRF6P104,6478
PTRF6P103,4994
PTRF6P102,19983
PTRF6P101,3411
PTRF6P203,2519
PTRF6P202,6861
PTRF6P201,1722
PTRF6P309,3468
PTRF6P308,5842
PTRF6P307,6488
PTRF6P306,7616
PTRF6P305,6249
PTRF6P304,4311
PTRF6P303,4116
PTRF6P302,7078
PTRF6P301,1596
PTRF6P403,2519
PTRF6P402,6861
PTRF6P401,1722
PTRF6P502,19983
PTRF6P501,3411
PTRF6P504,6478
PTRF6P503,4994
PTRF6SW02,8203
PTRF6SW11,7057
PTRF6SW10,8508
PTRF6SW09,5979
PTRF6SW08,5841
PTRF6SW07,6148
PTRF6SW06,6223
PTRF6SW04,6226
PTRF6SW03,5837
PTRF6SW01,1505
PTRF6SW05,6369
PTRF6NW06,6223
PTRF6NW11,7057
PTRF6NW10,8508
PTRF6NW09,5979
PTRF6NW08,5841
PTRF6NW07,6148
PTRF6NW05,6369
PTRF6NW04,6226
PTRF6NW03,5837
PTRF6NW02,8203
PTRF6NW01,1505
PT6C312W01c,293
PT6C312W02e,1657
PT6C312W02d,1657
PT6C312W01e,2446
PT6C312W01d,2376
PT6C312W02c,246
PT6C301R01,11130
PT6C304R01,4162
PT6C310R02,12257
PT6C302R02,25097
PT6C301R02,10482
PT6C302R01,20791
PT6C303R02,14664
PT6C304R02,12464
PT6C305R02,11617
PT6C305R01,10264
PT6C306R02,11304
PT6C308R02,12202
PT6C309R02,2402
PT6C310R03,3614
PT6C308R01,12719
PT6C309R03,7265
PT6C310R01,6412
PT6C307R02,14192
PT6C306R01,12623
PT6C310R04,3964
PT6C307R01,8419
PT6C310R05,9054
PT6C303R01,36880
PT6C309R01,6009
PT6C311P08,865
PT6C310P03,2867
PT6C311P02,592
PT6C312P05,1238
PT6C312P06,947
PT6C311P04,969
PT6C311P03,3991
PT6C310P01,3501
PT6C311P07,3578
PT6C312P01,133
PT6C309P03,2222
PT6C309P02,891
PT6C309P01,2042
PT6C310P04,2375
PT6C310P02,1718
PT6C312P02,819
PT6C311P05,3715
PT6C311P01,315
PT6C312P04,554
PT6C312P03,407
PT6C311P06,1837
PT6C309P04,1822
PT6C302W02b,6345
PT6C305W01b,6053
PT6C307W02b,3526
PT6C302W01b,6213
PT6C303W01b,9704
PT6C304W02b,6933
PT6C306W02b,8645
PT6C306W01b,2425
PT6C308W02b,2781
PT6C312W04b,1528
PT6C309W01b,3290
PT6C310W02b,5853
PT6C310W01b,2222
PT6C311W05b,4801
PT6C311W04b,2874
PT6C312W02b,1241
PT6C312W01b,2211
PT6C301W02b,6831
PT6C303W02b,9655
PT6C304W01b,7376
PT6C305W02b,6348
PT6C307W01b,5532
PT6C311W02b,2757
PT6C308W01b,5372
PT6C309W02b,2100
PT6C311W03b,13752
PT6C311W01b,3735
PT6C301W01b,6814
PT6C312W03b,4590
PT6C306W01a,5604
PT6C303W02a,5303
PT6C307W02a,3358
PT6C312W03a,4903
PT6C303W01a,7906
PT6C304W01a,5934
PT6C308W02a,2781
PT6C310W02a,5861
PT6C312W01a,2154
PT6C311W05a,4801
PT6C311W01a,3619
PT6C302W01a,5693
PT6C302W02a,3223
PT6C309W01a,3290
PT6C310W01a,2082
PT6C311W02a,3231
PT6C312W04a,1529
PT6C312W02a,1241
PT6C301W01a,6232
PT6C305W02a,3453
PT6C305W01a,5564
PT6C308W01a,5372
PT6C311W03a,12889
PT6C307W01a,5870
PT6C309W02a,2100
PT6C301W02a,3661
PT6C304W02a,3493
PT6C306W02a,3508
PT6C311W04a,2874
PT6C309F01,17722
PT6C304F01,29602
PT6C307F01,37220
PT6C303F01,43727
PT6C305F01,31153
PT6C306F01,35911
PT6C301F01,41316
PT6C302F01,54458
PT6C312F01a,17475
PT6C311F01a,18159
PT6C308F01,32901
PT6C311F01b,18958
PT6C310F01,24389
PT6C312F01b,22665
PT6C201W01,1766
PT6C202W02,5233
PT6C207W02b,2773
PT6C208W02b,975
PT6C201W02,1431
PT6C202W01,3397
PT6C203W02,5544
PT6C203W01,2448
PT6C204W01,8482
PT6C205W02,2919
PT6C205W01,4217
PT6C206W03,4104
PT6C206W02,4817
PT6C206W01,2416
PT6C207W06,2503
PT6C207W03b,7942
PT6C207W01b,4052
PT6C208W04,4664
PT6C208W03b,3294
PT6C208W01b,1294
PT6C204W02,6025
PT6C207W05,4887
PT6C207W04,6244
PT6C201R01,4947
PT6C202R02,15481
PT6C202R01,11655
PT6C203R02,23147
PT6C203R01,12914
PT6C204R02,25253
PT6C204R01,7002
PT6C205R06,11680
PT6C205R05,7327
PT6C205R04a,5766
PT6C205R01,10639
PT6C205R03,8832
PT6C205R04b,5766
PT6C205R02,9605
PT6C201R02,4907
PT6C206F01,18697
PT6C202F01,16774
PT6C203F01,61182
PT6C207F01b,17169
PT6C208F01b,13713
PT6C201F01,12457
PT6C204F01,26888
PT6C205F01,16724
PT6C207F01a,16668
PT6C208F01a,18523
PT6C208P04,1608
PT6C205P04,3904
PT6C205P03,1228
PT6C205P02,1228
PT6C205P01,1895
PT6C206P04,3578
PT6C206P03,1850
PT6C206P02,972
PT6C206P01,2338
PT6C207P07,2985
PT6C207P05,5009
PT6C207P04,2555
PT6C207P03,1858
PT6C207P02,1216
PT6C207P01,206
PT6C208P05,1829
PT6C208P03,1431
PT6C208P02,585
PT6C207P08,1712
PT6C207P06,3698
PT6C208P06,1664
PT6C208P01,454
PT6C207W02a,2779
PT6C207W01a,4052
PT6C207W03a,8162
PT6C208W01a,1294
PT6C208W03a,3902
PT6C208W02a,975
PT6C208W01d,2217
PT6C208W02c,162
PT6C208W01c,162
PT6C208W01e,2174
PT6C208W02e,2039
PT6C208W02d,1932
PT6C101F01,29607
PT6C102F01b,16090
PT6C103F01c,12499
PT6C103F01b,19524
PT6C102F01a,16695
PT6C103F01a,18761
PT6C102P08,1208
PT6C102P01,0
PT6C102P09,2690
PT6C102P07,7125
PT6C102P06,3745
PT6C102P04,3307
PT6C102P03,0
PT6C102P02,2193
PT6C103P05,619
PT6C103P04,3307
PT6C103P03,0
PT6C103P01,0
PT6C102P05,4157
PT6C103P02,2193
PT6C102P10,1270
PT6C103P06,914
PT6C103W02e,2839
PT6C103W01d,2978
PT6C103W02c,0
PT6C103W01c,0
PT6C103W01e,2940
PT6C103W02d,2494
PT6C101R07,16993
PT6C101R06,9571
PT6C101R05,3056
PT6C101R03b,827
PT6C101R04a,5004
PT6C101R04b,5004
PT6C101R03a,827
PT6C101R02,1383
PT6C101R01,3197
PT6C102W03b,4591
PT6C101W03,5180
PT6C101W02,7820
PT6C102W07,2112
PT6C102W06,3030
PT6C102W05,2343
PT6C102W04b,8072
PT6C102W02b,3375
PT6C102W01b,3368
PT6C103W05,1485
PT6C103W03b,3298
PT6C103W02b,1324
PT6C103W01b,971
PT6C103W04b,2525
PT6C101W01,2123
PT6C102W04a,5998
PT6C102W03a,3086
PT6C102W02a,3262
PT6C103W01a,595
PT6C102W01a,3252
PT6C103W03a,1998
PT6C103W02a,675
PT6C103W04a,2101
PT5C304W02a,3888
PT5C306W02a,3275
PT5C301W02a,3553
PT5C301W01a,5423
PT5C302W02a,2904
PT5C303W01a,6110
PT5C305W02a,3851
PT5C305W01a,6427
PT5C306W01a,5245
PT5C307W01a,3837
PT5C308W02a,3553
PT5C308W01a,7032
PT5C309W02a,2776
PT5C309W01a,4555
PT5C310W02a,5735
PT5C310W01a,1904
PT5C311W05a,4846
PT5C311W04a,2605
PT5C311W02a,2494
PT5C311W01a,3851
PT5C312W04a,1751
PT5C312W03a,4679
PT5C312W02a,1241
PT5C312W01a,1943
PT5C302W01a,4535
PT5C303W02a,3003
PT5C307W02a,2611
PT5C311W03a,12655
PT5C304W01a,6064
PT5C312W02d,1657
PT5C312W02c,246
PT5C312W01c,293
PT5C312W01e,2638
PT5C312W01d,2376
PT5C312W02e,1659
PT5C304R02,14166
PT5C306R02,12153
PT5C309R01,4123
PT5C310R04,979
PT5C306R01,11836
PT5C309R03,9690
PT5C310R05,12795
PT5C301R02,13985
PT5C301R01,19176
PT5C302R02,11292
PT5C303R02,11712
PT5C303R01,14825
PT5C305R02,14607
PT5C305R01,13239
PT5C307R02,8110
PT5C307R01,8168
PT5C308R02,13679
PT5C308R01,14517
PT5C309R02,4343
PT5C310R02,12284
PT5C310R01,6466
PT5C310R03,546
PT5C302R01,15131
PT5C304R01,8260
PT5C310P02,1718
PT5C312P02,1238
PT5C309P04,1822
PT5C311P02,592
PT5C312P04,407
PT5C309P03,2222
PT5C309P02,891
PT5C310P01,3501
PT5C311P05,3715
PT5C311P03,3991
PT5C312P01,947
PT5C311P04,969
PT5C311P01,315
PT5C311P08,865
PT5C310P04,2375
PT5C311P07,3578
PT5C311P06,1837
PT5C312P05,819
PT5C312P03,554
PT5C309P01,2042
PT5C310P03,2867
PT5C312P06,133
PT5C306F01,25677
PT5C307F01,25269
PT5C303F01,53645
PT5C304F01,31997
PT5C305F01,30849
PT5C308F01,38540
PT5C309F01,24006
PT5C311F01b,10637
PT5C312F01a,17845
PT5C312F01b,22665
PT5C301F01,112335
PT5C302F01,86364
PT5C311F01a,18114
PT5C310F01,24795
PT5C303W01b,7782
PT5C304W02b,7999
PT5C301W02b,5566
PT5C301W01b,5481
PT5C302W02b,11283
PT5C302W01b,2331
PT5C303W02b,7712
PT5C304W01b,7738
PT5C305W02b,8135
PT5C305W01b,6678
PT5C306W02b,7432
PT5C306W01b,2238
PT5C307W02b,2611
PT5C307W01b,3837
PT5C308W02b,3553
PT5C310W02b,5735
PT5C311W04b,2605
PT5C311W03b,13029
PT5C308W01b,7032
PT5C309W02b,2776
PT5C309W01b,4555
PT5C310W01b,1904
PT5C311W05b,4840
PT5C311W02b,2494
PT5C311W01b,3851
PT5C312W02b,1241
PT5C312W04b,1751
PT5C312W03b,4442
PT5C312W01b,1943
PT5C101R05,2908
PT5C101R07,16051
PT5C101R06,6316
PT5C101R04a,5004
PT5C101R04b,5004
PT5C101R03b,827
PT5C101R02,1383
PT5C101R01,3197
PT5C101R03a,827
PT5C103W02d,818
PT5C103W02c,0
PT5C103W01d,2729
PT5C103W02e,1664
PT5C103W01e,2782
PT5C103W01c,0
PT5C102W02b,649
PT5C101W01,5180
PT5C103W03b,4070
PT5C101W03,2228
PT5C101W02,7921
PT5C102W07,2112
PT5C102W06,3030
PT5C102W05,2225
PT5C102W04b,8024
PT5C102W03b,5797
PT5C102W01b,2444
PT5C103W05,1404
PT5C103W04b,2444
PT5C103W02b,328
PT5C103W01b,1362
PT5C102W02a,3420
PT5C102W01a,3193
PT5C102W04a,5998
PT5C102W03a,3086
PT5C103W04a,2101
PT5C103W03a,1998
PT5C103W02a,538
PT5C103W01a,513
PT5C102P10,1269
PT5C103P06,1533
PT5C102P05,0
PT5C103P01,218
PT5C102P07,5881
PT5C102P03,2903
PT5C102P02,1976
PT5C102P01,218
PT5C103P03,2903
PT5C103P02,1976
PT5C102P09,2690
PT5C102P08,1208
PT5C102P06,7907
PT5C102P04,405
PT5C103P04,405
PT5C103P05,0
PT5C101F01,32139
PT5C102F01a,15194
PT5C102F01b,14749
PT5C103F01a,18792
PT5C103F01b,18654
PT5C103F01c,13592
PT5C207P08,1712
PT5C206P02,972
PT5C205P04,3904
PT5C205P03,1228
PT5C205P01,1894
PT5C206P04,3578
PT5C206P03,1850
PT5C206P01,2338
PT5C207P07,2985
PT5C207P06,3698
PT5C207P04,2555
PT5C207P03,1858
PT5C207P02,1216
PT5C207P01,206
PT5C208P05,1829
PT5C208P01,454
PT5C205P02,1228
PT5C207P05,5009
PT5C208P04,1608
PT5C208P03,1431
PT5C208P02,585
PT5C208P06,1664
PT5C207W01a,3764
PT5C208W02a,1597
PT5C208W01a,1557
PT5C207W03a,8897
PT5C207W02a,2698
PT5C208W03a,3841
PT5C202F01,89621
PT5C203F01,61182
PT5C206F01,19246
PT5C208F01a,17953
PT5C201F01,27895
PT5C204F01,26888
PT5C205F01,22228
PT5C207F01a,16107
PT5C207F01b,15475
PT5C208F01b,16913
PT5C208W02e,1052
PT5C208W01e,1879
PT5C208W02d,1277
PT5C208W01d,1863
PT5C208W02c,100
PT5C208W01c,100
PT5C204R02,9837
PT5C201R02,5892
PT5C201R01,7787
PT5C202R02,15442
PT5C202R01,7502
PT5C203R02,23147
PT5C203R01,12914
PT5C204R01,7002
PT5C205R06,9928
PT5C205R05a,6249
PT5C205R04a,4401
PT5C205R04b,4401
PT5C205R03,7373
PT5C205R02,10712
PT5C205R01,9995
PT5C205R05b,6249
PT5C207W06,3002
PT5C203W02,3407
PT5C204W02,2607
PT5C204W01,5133
PT5C205W01,5991
PT5C206W03,4067
PT5C206W02,4659
PT5C207W05,4400
PT5C207W04,7472
PT5C207W03b,5645
PT5C207W01b,4439
PT5C208W04,3271
PT5C208W03b,4038
PT5C208W02b,2421
PT5C208W01b,2418
PT5C201W02,941
PT5C202W02,4970
PT5C202W01,3742
PT5C203W01,5778
PT5C205W02,4032
PT5C207W02b,6523
PT5C201W01,1988
PT5C206W01,2500
PH3E3AF05,46845
PH3E3AF04,42309
PH3E3AW02,19134
PH3E3AW07,20863
PH3E3AW06,26704
PH3E3BW07,29189
PH3E3BW06,34462
PH3E3BW02,19874
PH3E3BF05,43121
PH3E3BF04,46558
PH3E3CW02,17944
PH3E3CW09,34252
PH3E3CW07,28021
PH3E3CF05,40526
PH3E3CF04,37236
PH3W6CW08,30866
PH3W6CW13,22007
PH3W6CW09,25652
PH3W6CW14,16964
PH3W6EW14,7260
PH3W6EW09,5011
PH3W6EW08,2609
PH3W6EW13,6882
PH3W6AW13,5167
PH3W6AW08,3649
PH3W6AW04,8008
PH3W6AW14,6789
PH3W6AW09,6204
PH3W6BW08,3221
PH3W6BW13,8204
PH3W6BW04,13588
PH3W6BW09,7608
PH3W6BW14,9854
PH3W6DW09,9262
PH3W6DW04,19002
PH3W6DW08,7613
PH3W6DW13,12599
PH3W6DW14,19482
PUWM05C04,27797
PUWM05C03,20104
PUWM19C04,71060
PUWM19C03,53640
PUWM06C04,24605
PUWM06C03,24536
PUWM18C03,47235
PUWM18C04,29602
PUWM17C03,40721
PUWM17C04,41283
PUWM04C04,27797
PUWM04C03,20104
PUWM03C03,19225
PUWM03C04,27797
PUWM16C04,44828
PUWM16C03,53278
PUWM02C06,8908
PUWM02C05,9796
PUWM02C07,20829
PUWM02F01,32094
PUWM02F02,31873
PUWM01C03,1302
PUWM01C04,1302
PUWM01C05,3533
PUWM01C06,3533
PUWM15C04,33896
PUWM15C03,40822
PUWM14C03,40139
PUWM14C04,38433
PUWM14F01,44102
PUWCC2H05,14101
PUWCC2H04,1154
PUWCC2H03,2333
PUWCC2H02,1256
PUWCC2G05,14161
PUWCC2G04,1154
PUWCC2G03,2376
PUWCC2G02,1256
PUWCC2F05,45711
PUWCC2F04,21340
PUWCC2F03,9674
PUWCC2F02,35300
PUWM13C04,33487
PUWM13C03,44014
PUWM13F01,29426
PUWM12C03,30406
PUWM12C04,38993
PUWM12F01,40925
PCU21W03 S,4233
PCU21W03 N,4233
PCU22W02,8225
PUWM23C04,30448
PUWM23C03,24415
PUWM11C04,11665
PUWM11C03,10127
PUWM09C04,27797
PUWM09C03,20072
PUWM07C04,71269
PUWM07C03,53013
PUWM20C04,29780
PUWM20C03,27652
PUWM22C04,24514
PUWM22C03,17555
PUWCC1G02,1256
PUWCC1G04,1133
PUWCC1G05,11950
PUWCC1G03,2333
PUWCC1H05,14097
PUWCC1H04,1176
PUWCC1H03,2333
PUWCC1H02,1256
PUWCC1F05,36936
PUWCC1F03,9659
PUWCC1F02,36818
PUWCC1F04,29207
PUWM21C04,29014
PUWM21C03,19700
PUWM10C04,27824
PUWM10C03,20072
PUWM08C04,46481
PUWM08C03,35765
PUEM04C04,14928
PUEM04C03,19246
PUEM03C03,20072
PUEM03C04,27797
PUECC2K05,14093
PUECC2K04,1176
PUECC2K03,2333
PUECC2K02,1256
PUECC2L05,14093
PUECC2L04,1158
PUECC2L03,2376
PUECC2L02,1256
PUECC2A05,102754
PUECC2A04,28102
PUECC2A03,15526
PUECC2J05,38061
PUECC2J04,31879
PUECC2J03,9837
PUECC2J02,36845
PUEM02C04,28580
PUEM02C03,18117
PUEM01C07,4873
PUEM01C06,18158
PUEM01C05,5365
PUEM01C04,931
PUEM01F02,43567
PUEM01F01,16716
PUECC1L04,1176
PUECC1L03,2333
PUECC1L02,1256
PUECC1L05,14097
PUECC1A05,84738
PUECC1A04,21810
PUECC1A03,11160
PUECC1K05,13906
PUECC1K04,1158
PUECC1K03,2345
PUECC1K02,1256
PUECC1J05,38335
PUECC1J04,31517
PUECC1J03,9718
PUECC1J02,34763
PCU21E03 S,4233
PCU21E03 N,4233
PCU22E02,8450
PUEM15C03,40525
PUEM15C04,33896
PUEM07C03,63782
PUEM07C04,64211
PUEM21C04,8306
PUEM21C03,32446
PUEM21C05,8306
PUEM21C06,51481
PUEM21F02,61921
PUEM21F01,0
PUEM21F03,81928
PUEM11C03,21543
PUEM11C04,18833
PUEM22C04,11196
PUEM22C03,64217
PUEM22C05,21015
PUEM22F02,26820
PUEM22F01,21015
PUEM22F03,8617
PUEM23F05,6907
PUEM23F04,20258
PUEM20C04,49164
PUEM20C03,38651
PUEM19C03,54325
PUEM19C04,69778
PUEM18C04,24416
PUEM18C03,25318
PUEM17C04,48206
PUEM17C03,45305
PUEM16C04,27415
PUEM16C03,23712
PUEM14C04,40643
PUEM14C03,40139
PUEM14F01,47984
PUEM13C04,36352
PUEM13C03,46004
PUEM13F01,29661
PUEM12C04,40643
PUEM12C03,40139
PUEM12F01,47984
PUEM10C04,27797
PUEM10C03,20072
PUEM09C03,20072
PUEM09C04,27797
PUEM06C04,24542
PUEM06C03,24525
PUEM08C04,38435
PUEM08C03,31494
PUEM05C04,49875
PUEM05C03,37263
PCU2C03a S,3154
PCU2C03a N,3154
PCU2C03c S,3154
PCU2C03c N,3154
PCU2C03d N,3154
PCU2C03d S,3154
PCU2C03b S,3154
PCU2C03b N,3154
PUCCC2C05,31326
PUCCC2C04,7230
PUCCC2C03,16776
PUCCC2C02,16123
PUCCC2C01,13088
PUCCC2D05,45708
PUCCC2D04,30409
PUCCC2D03,0
PUCCC2D02,36821
PUCCC2D01,0
PUCCC2E05,22868
PUCCC2E04,7380
PUCCC2E03,0
PUCCC2E02,11526
PUCCC2E01,0
PUCCC2I05,17545
PUCCC2I03,0
PUCCC2I02,13122
PUCCC2I01,0
PUCCC2I04,12973
PUCCC2B05,32601
PUCCC2B04,30699
PUCCC2B03,0
PUCCC2B02,18149
PUCCC2B01,14967
PUCCC1C05,37094
PUCCC1C04,25616
PUCCC1C03,0
PUCCC1C02,23802
PUCCC1C01,0
PUCCC1B05,42995
PUCCC1B04,30234
PUCCC1B03,0
PUCCC1B02,31782
PUCCC1B01,0
PUCCC1I05,17758
PUCCC1I04,13477
PUCCC1I03,0
PUCCC1I02,13256
PUCCC1I01,0
PUCCC1D05,45789
PUCCC1D04,30646
PUCCC1D03,0
PUCCC1D02,36821
PUCCC1D01,0
PUCCC1E05,23429
PUCCC1E04,8663
PUCCC1E03,0
PUCCC1E02,11504
PUCCC1E01,0
PCU1C03c S,3090
PCU1C03c N,3090
PCU1C03b S,3090
PCU1C03b N,3090
PCU1C03a S,3090
PCU1C03a N,3090
PCU1C03d S,3090
PCU1C03d N,3090
PMWM01C04,669
PMWM01C03,1598
PMWM01C06,7013
PMWM01C05,6983
PMWM23F03,75957
PMWM23F02,34659
PMWM23F01,43558
PMWM23C04,40176
PMWM23C03,75377
PMWM23C02,7735
PMWM23C05,9057
PMWM15C03,28127
PMWM15C04,31933
PMWM17C04,39177
PMWM17C03,34660
PMWM14C04,38525
PMWM14C03,29791
PMWM13F01,32067
PMWM13C04,26479
PMWM13C03,43292
PMWM11C04,17227
PMWM11C03,14968
PMWM04C04,39177
PMWM04C03,34660
PMWCC4H05,12341
PMWCC4H04,1151
PMWCC4H03,2366
PMWCC4F05,58014
PMWCC4F04,37739
PMWCC4F03,18231
PMWCC4F02,36564
PMWCC4G05,12341
PMWCC4G04,1151
PMWCC4G03,2366
PMWM02C04,6724
PMWM02C03,4126
PMWM02C02,34080
PMWM02C05,14030
PMWM08W03a,12013
PMWM08W03b,0
PMWM08C04,48863
PMWM08C03,27207
PMWM07C04,71513
PMWM07C03,56216
PMWM07W03a,16074
PMWM07W03b,0
PMWM03C04,39177
PMWM03C03,34660
PMWM22C04,46638
PMWM22C03,37961
PMWM06C04,26861
PMWM06C03,16948
PMWM21C04,39177
PMWM21C03,34660
PMWM20C04,49113
PMWM20C03,27646
PMWM16C03,34660
PMWM16C04,39177
PMWM12F01,34419
PMWM12C04,38525
PMWM12C03,29791
PMWM10C04,39177
PMWM10C03,34660
PMWM09C04,39177
PMWM09C03,35314
PMWM05C04,39177
PMWM05C03,34660
PMWCC3F05,57908
PMWCC3F04,32477
PMWCC3F03,15958
PMWCC3F02,36713
PMWCC3H05,12498
PMWCC3H04,1151
PMWCC3H03,2366
PMWCC3G05,12341
PMWCC3G04,1151
PMWCC3G03,2366
PMWM19C04,82380
PMWM19C03,57432
PMWM18C04,25950
PMWM18C03,18978
PMCCC3D04,30646
PMCCC3D03,0
PMCCC3D01,0
PMCCC3D05,45789
PMCCC3D02,36821
PMCCC3C05,36509
PMCCC3C04,25438
PMCCC3C03,0
PMCCC3C02,23774
PMCCC3C01,0
PMCCC3E05,11912
PMCCC3E04,9191
PMCCC3E03,0
PMCCC3E02,9826
PMCCC3E01,0
PMCCC3I05,13569
PMCCC3I03,0
PMCCC3I01,0
PMCCC3I02,10042
PMCCC3I04,10175
PMCCC3B05,31600
PMCCC3B03,0
PMCCC3B02,24888
PMCCC3B01,0
PMCCC3B04,25542
PMCCC4E05,17618
PMCCC4E03,0
PMCCC4E02,9475
PMCCC4E01,0
PMCCC4E04,5018
PMCCC4C05,37016
PMCCC4C04,25438
PMCCC4C03,0
PMCCC4C02,29031
PMCCC4C01,0
PMCCC4D05,45789
PMCCC4D04,30646
PMCCC4D03,0
PMCCC4D01,0
PMCCC4D02,36821
PMCCC4I04,10175
PMCCC4I03,0
PMCCC4I02,10042
PMCCC4I01,0
PMCCC4I05,13569
PMCCC4B05,35320
PMCCC4B04,19066
PMCCC4B03,7365
PMCCC4B01,0
PMCCC4B02,22956
PMEM03C04,39177
PMEM03C03,34660
PMEM19C04,84232
PMEM19C03,56294
PMEM07C04,68464
PMEM07C03,58358
PMEM22C07,498
PMEM22C09,8634
PMEM22C08,3415
PMEM22F03,35145
PMEM22F01,45905
PMEM22F02,6378
PMEM01F02,17500
PMEM01F01,18541
PMEM01C07,9283
PMEM01C06,2811
PMEM01C05,1100
PMEM01C08,4372
PMEM20C03,32274
PMEM20C04,44074
PMEM05C04,50566
PMEM05C03,54479
PMEM02C04,22841
PMEM02C03,18184
PMEM14F01,34419
PMEM14C04,38525
PMEM14C03,29791
PMEM13F01,37275
PMEM13C04,18624
PMEM13C03,40268
PMEM12F01,34419
PMEM12C04,38525
PMEM12C03,29791
PMEM11C04,17227
PMEM11C03,14968
PMEM08C04,48523
PMEM08C03,27391
PMEM10C04,39177
PMEM10C03,34660
PMEM09C03,34660
PMEM09C04,39177
PMEM18C03,18978
PMEM18C04,25950
PMEM17C03,56623
PMEM17C04,51250
PMEM06C03,19829
PMEM06C04,26841
PMEM23F06,7265
PMEM23F04,0
PMEM23F05,5233
PMEM23F03,60078
PMEM23F02,1430
PMEM23F01,20696
PMEM23F07,12138
PMEM23C03,30998
PMEM23C04,52798
PMEM21F02,37090
PMEM21F01,49982
PMECC4L04,1151
PMECC4L03,2366
PMECC4L05,12341
PMECC4K05,12341
PMECC4K04,1151
PMECC4K03,2366
PMECC4A05,66375
PMECC4A04,29576
PMECC4A03,18517
PMECC4J05,58014
PMECC4J03,18278
PMECC4J04,37677
PMECC4J02,37057
PMECC3A04,29771
PMECC3A03,19977
PMECC3A05,65620
PMECC3L05,12498
PMECC3L04,1151
PMECC3L03,2366
PMECC3J04,30499
PMECC3J03,17483
PMECC3J02,37650
PMECC3J05,61235
PMECC3K03,2366
PMECC3K05,12498
PMECC3K04,1151
PMEM16C04,24864
PMEM16C03,21602
PMEM15C04,35352
PMEM15C03,31375
PMEM04C04,24864
PMEM04C03,21602
PIEM14F01,15580
PIEM14F03,4109
PIEM14F02a,19810
PIEM14F02b,4705
PIEM14W06,4726
PIEM14W05,5573
PIEM14W04,5394
PIEM14W03,6133
PIEM14W02,4548
PIEM14W01,3418
PIEM12W06,5411
PIEM12W05,6355
PIEM12W02,4008
PIEM12W01,4028
PIEM12W04,5570
PIEM12W03,8736
PIEM12F01,44602
PIEM07W08,7447
PIEM07W07,8670
PIEM07W06,5473
PIEM07W05,7020
PIEM07W04,3188
PIEM07W03,6324
PIEM07W02,1952
PIEM07W01,6045
PIEM07F02,20221
PIEM07F01,27181
PIEM07C09,10980
PIEM07C08,8968
PIEM07C07,9422
PIEM07C06,2316
PIEM07C05,28946
PIEM07C04b,3054
PIEM07C03b,2664
PIEM07C01,29427
PIEM07C04a,5123
PIEM07C03a,3391
PIEM07C02a,1618
PIEM07C02b,9290
PIEM06W07,5404
PIEM06W06,3753
PIEM06W05,3853
PIEM06W04,3988
PIEM06W03,4173
PIEM06W02,3012
PIEM06W01,4100
PIEM06C08a,1784
PIEM06C07a,9593
PIEM06C06a,5419
PIEM06C05a,1952
PIEM06C04a,1180
PIEM06C03,10939
PIEM06C02,15011
PIEM06C08,8665
PIEM06C07,13039
PIEM06C06,7199
PIEM06C05,2271
PIEM06C04b,40569
PIEM06C01,37770
PIEM06F02,31517
PIEM06F01b,0
PIEM06F01a,44773
PIEM13F01,43434
PIEM13W06,5175
PIEM13W04,5415
PIEM13W03,8471
PIEM13W01,3983
PIEM13W05,6105
PIEM13W02,3896
PIEM01C05,12223
PIEM01C03,0
PIEM01C02,18771
PIEM01C04,9408
PIEM01C01,9840
PIEM01C06,15246
PIEM01W05,15665
PIEM01W04,10683
PIEM01W03,17442
PIEM01W02,4431
PIEM01W01,13032
PIEM01F01,30519
PIEM01F02,96182
PIEM05C05,22585
PIEM05C04,18068
PIEM05C03,4052
PIEM05C02,43281
PIEM05C01,70793
PIEM05W05a,7781
PIEM05W04a,12600
PIEM05W03a,14426
PIEM05W02a,12577
PIEM05W01a,7393
PIEM05W05d,6938
PIEM05W05b,10174
PIEM05W05c,10510
PIEM05W04b,0
PIEM05W03b,0
PIEM05W02b,0
PIEM05W01b,0
PIEM05F02b,35471
PIEM05F01a,13420
PIEM05F02a,11824
PIEM05F01b,40259
PIEM16F02,37476
PIEM16F01,26416
PIEM16W02,3039
PIEM16W03,3933
PIEM16W01,2334
PIEM16W09,5228
PIEM16W08,5427
PIEM16W07,2716
PIEM16W06,4622
PIEM16W05,3490
PIEM16W04,3571
PIEM02C06,18594
PIEM02C05,14229
PIEM02C04,0
PIEM02C03,5123
PIEM02C01,27570
PIEM02P201,18491
PIEM02C02,0
PIEM02W01,6633
PIEM02W06,7750
PIEM02W05,13297
PIEM02W04,9353
PIEM02W03,13080
PIEM02W02,7356
PIEM02F02,23744
PIEM02F01,23579
PIEM11W01,1686
PIEM11W02,10484
PIEM11W07,10685
PIEM11W06,3584
PIEM11W05,12182
PIEM11W03,8607
PIEM11W04,3762
PIEM11F01,56018
PIEM04C06,44415
PIEM04C05,33214
PIEM04C04,53197
PIEM04C03,3734
PIEM04C02,39180
PIEM04C01,6060
PIEM04W06,6007
PIEM04W05,9881
PIEM04W04,9574
PIEM04W03,10868
PIEM04W02,9649
PIEM04W01,6494
PIEM04F02,72669
PIEM04F01,73956
PIEM03W05,13207
PIEM03W04,8984
PIEM03W02,8210
PIEM03W01,6636
PIEM03W06,4457
PIEM03W03,11270
PIEM03C06,22403
PIEM03C05,18566
PIEM03C04,0
PIEM03C03,18610
PIEM03C02,0
PIEM03C01,41501
PIEM03P301,20685
PIEM03F02,35511
PIEM03F01,38398
PIEM15F01,44325
PIEM15F03,5631
PIEM15F02,3201
PIEM15W01,3779
PIEM15W07,7536
PIEM15W06,7913
PIEM15W05,7600
PIEM15W04,7513
PIEM15W03,8118
PIEM15W02,6059
PIWM06W05,5166
PIWM06W04,6550
PIWM06W03,5461
PIWM06W02,3458
PIWM06W01,4603
PIWM06C05,27513
PIWM06C04,21911
PIWM06C03,36811
PIWM06C02,5572
PIWM06C01,39666
PIWM06F02,63293
PIWM06F01,60120
PIWM05C05,22881
PIWM05C04,21897
PIWM05C03,41540
PIWM05C02,6594
PIWM05C01,53430
PIWM05W05a,16180
PIWM05W04a,2877
PIWM05W03a,5396
PIWM05W02a,2127
PIWM05W01a,4786
PIWM05W05b,10499
PIWM05W04b,11034
PIWM05W03b,10538
PIWM05W02b,6520
PIWM05W01b,2524
PIWM05W05d,6644
PIWM05W05c,10367
PIWM05F02,34240
PIWM05F01,58859
PIWM04C06,56902
PIWM04C05,43852
PIWM04C04,31235
PIWM04C03,197
PIWM04C02,35607
PIWM04C01,4663
PIWM04F02,65567
PIWM04F01,78865
PIWM04W06,5914
PIWM04W05,8951
PIWM04W04,6196
PIWM04W03,11647
PIWM04W02,7824
PIWM04W01,3890
PIWM03W05a,15977
PIWM03W03a,10638
PIWM03W02a,8081
PIWM03W01,14448
PIWM03W06,2357
PIWM03W04b,0
PIWM03W03b,1479
PIWM03W02b,705
PIWM03W04a,5492
PIWM03W05b,574
PIWM03F02,63631
PIWM03F01,64382
PIWM03C06,57874
PIWM03C05,53081
PIWM03C04,39194
PIWM03C03,57
PIWM03C02,34299
PIWM03C01,4816
PIWM03P301,3842
PIWM02W06,3622
PIWM02W05a,16624
PIWM02W04a,6065
PIWM02W03a,15689
PIWM02W02a,5137
PIWM02W01,19551
PIWM02W04b,524
PIWM02W05c,538
PIWM02W04c,0
PIWM02W03b,0
PIWM02W02b,334
PIWM02W03c,546
PIWM02W02c,0
PIWM02C06,47191
PIWM02C05,52436
PIWM02C04,0
PIWM02C03,46068
PIWM02C02,69630
PIWM02C01,5430
PIWM02P201,3018
PIWM02F02,94843
PIWM02F01,29956
PIWM01W04a,13715
PIWM01W03a,16324
PIWM01W02a,6888
PIWM01W01,16856
PIWM01W04b,229
PIWM01W03b,308
PIWM01W02b,207
PIWM01C05,36728
PIWM01C04,42646
PIWM01C02,19389
PIWM01C01,12243
PIWM01C07,84891
PIWM01C06,53015
PIWM01C03,5039
PIWM01F02,142884
PIWM01F01,141037
PIWM07F02,44783
PIWM07F01,41407
PIWM07W05,15622
PIWM07W04,14797
PIWM07W03,8785
PIWM07W02,5541
PIWM07W01,5376
PIWM07C05,16609
PIWM07C04,13085
PIWM07C03,35444
PIWM07C02,21852
PIWM07C01,30893
PH2W6BW13,13764
PH2W6BW12,5873
PH2W6BW09,10100
PH2W6BW08,4958
PH2W6CW12,13843
PH2W6CW09,45727
PH2W6CW13,30192
PH2W6CW08,26432
PH2W6EW13,7154
PH2W6EW09,6815
PH2W6EW08,3320
PH2W6EW12,4650
PH2W6DW12,6255
PH2W6DW09,10574
PH2W6DW08,5622
PH2W6DW13,14232
PH2W6AW12,5697
PH2W6AW09,6760
PH2W6AW13,7889
PH2W6AW08,3693
PH2E1aW03a,40020
PH2E3BF05,64794
PH2E3BF04,0
PH2E3CW12,33338
PH2E3CF05,46922
PH2E3CF04,19255
PH2E3AF04,0
PH2E3AF05,60890
PH2E3AW12,24250
PH4E3BF05,40283
PH4E3BF04,26779
PH4E3AF05,38638
PH4E3AF04,26953
PH4E3CF05,46305
PH4E3CF04,32246
PH4W6BW13,15127
PH4W6BW12,6220
PH4W6BW09,5404
PH4W6BW08,5519
PH4W6BW02,5401
PH4W6AW13,13539
PH4W6AW12,6495
PH4W6AW08,7783
PH4W6AW09,8726
PH4W6AW02,13782
PH4W6CW13,27902
PH4W6CW12,13987
PH4W6CW08,37396
PH4W6CW09,31152
PH4W6CW02,40487
PH4W6EW13,18628
PH4W6EW12,8881
PH4W6EW09,11422
PH4W6EW08,12747
PH4W6EW02,17818
PH4W6DW13,19800
PH4W6DW12,9020
PH4W6DW09,9027
PH4W6DW08,8145
PH4W6DW02,18028
PH1E3BF05,33714
PH1E3BF04,39526
PH1E3BW07,39224
PH1E3AW07,25041
PH1E3AF04,37742
PH1E3AF05,29666
PH1E3CF04,28693
PH1E3CF05,34951
PH1E3CW07,23170
PH1W6CW05,16504
PH1W6CW09,11086
PH1W6CW10,22912
PH1W6CW06,32742
PH1W6BW10,16108
PH1W6BW05,2964
PH1W6BW09,5027
PH1W6BW06,4863
PH1W6EW06,6167
PH1W6EW05,3577
PH1W6EW09,3639
PH1W6EW10,9851
PH1W6EF04,1684
PH1W6AW09,8011
PH1W6AW10,21644
PH1W6AW06,10108
PH1W6AW05,6546
PH1W6DF04,7551
PH1W6DW05,3070
PH1W6DW10,12688
PH1W6DW09,5439
PH1W6DW06,4074
PLCCC5C01,13088
PLCCC5C03,10208
PLCCC5C04,12971
PLCCC5C05,33482
PLCCC5C02,15813
PLCCC5D05,40366
PLCCC5D03,7605
PLCCC5D01,17770
PLCCC5D02,18705
PLCCC5D04,24991
PLCCC5E03,2590
PLCCC5E02,5811
PLCCC5E04,7765
PLCCC5E05,14369
PLCCC5E01,4558
PLCCC5B03,12171
PLCCC5B01,11595
PLCCC5B02,13773
PLCCC5B05,31960
PLCCC5B04,22631
PLCCC5I01,4558
PLCCC5I04,7765
PLCCC5I05,14369
PLCCC5I02,5811
PLCCC5I03,2590
PLCCC6E03,2538
PLCCC6E02,5755
PLCCC6E04,7837
PLCCC6E05,14324
PLCCC6E01,4501
PLCCC6D02,18705
PLCCC6D04,24991
PLCCC6D01,17770
PLCCC6D05,40366
PLCCC6D03,7605
PLCCC6I01,4501
PLCCC6I03,2597
PLCCC6I05,14239
PLCCC6I04,7923
PLCCC6I02,5755
PLCCC6B01,11595
PLCCC6B03,6683
PLCCC6B04,21723
PLCCC6B05,31960
PLCCC6B02,13773
PLCCC6C02,26810
PLCCC6C01,0
PLCCC6C03,5831
PLCCC6C05,35466
PLCCC6C04,19189
PCU3C04D,7172
PCU3C03d N,3110
PCU3C03d S,3110
PCU3C02d 1,0
PCU3C02d 2,6349
PCU3C03a S,3110
PCU3C03a N,3110
PCU3C02a 2,6349
PCU3C02a 1,0
PCU3C02b 1,0
PCU3C03b N,3110
PCU3C03b S,3110
PCU3C02b 2,6349
PCU3C03c S,3110
PCU3C03c N,3110
PCU3C02c 1,0
PCU3C02c 2,6349
PCU32W02,6215
PLWCC5H01,3056
PLWCC5H04,0
PLWCC5H03,5953
PLWCC5H02,0
PLWCC5H05,7214
PLWCC5G04,0
PLWCC5G05,7214
PLWCC5G02,0
PLWCC5G03,5984
PLWCC5G01,3013
PLWCC5F04,21694
PLWCC5F05,34232
PLWCC5F03,17962
PLWCC5F02,19651
PLWM13C04,34500
PLWM13C03,25740
PLWM13F01,12906
PLWM12F01,3907
PLWM12F02,28573
PLWM12C03,23760
PLWM12C04,18864
PLWM09C03,18769
PLWM09C04,22017
PLWM05C04,22014
PLWM05C03,18841
PLWM11C03,7744
PLWM11C04,9114
PLWM08C03,31150
PLWM08C04,35762
PLWM15C04,17807
PLWM15C03,14911
PLWM14C04,18874
PLWM14C03,23762
PLWM14F02,28680
PLWM14F01,5536
PLWM16C03,18055
PLWM16C04,22015
PLWM04C03,18799
PLWM04C04,22017
PLWM23C04,19393
PLWM23C03,17622
PLWCC6F05,34542
PLWCC6F02,18271
PLWCC6F03,11211
PLWCC6F04,25461
PLWCC6H02,0
PLWCC6H04,0
PLWCC6H01,3635
PLWCC6H05,4943
PLWCC6H03,5258
PLWCC6G02,0
PLWCC6G05,4943
PLWCC6G04,0
PLWCC6G01,3474
PLWCC6G03,5258
PLWM06C03,11514
PLWM06C04,16331
PLWM02F02,35607
PLWM02F03,12093
PLWM02F01,20281
PLWM02C06,12097
PLWM02C03,80
PLWM02C04,6607
PLWM02C05,8422
PLWM17C03,18055
PLWM17C04,22017
PLWM03C03,18823
PLWM03C04,22284
PLWM21C03,18823
PLWM21C04,22015
PLWM10C03,17969
PLWM10C04,22017
PLWM22C03,18055
PLWM22C04,22017
PLWM01C04,1522
PLWM01C06,5723
PLWM01C03,1347
PLWM01C05,7118
PLWM20C03,19614
PLWM20C04,22737
PLWM07C03,43166
PLWM07C04,48971
PLWM18C04,16719
PLWM18C03,10937
PLWM19C04,49390
PLWM19C03,43166
PLEM01F02,33592
PLEM01F01,18220
PLEM01C04,8185
PLEM01C05,3501
PLEM01C06,2661
PLEM05C04,50185
PLEM05C03,42591
PLEM06C04,17319
PLEM06C03,10625
PLEM08C03,28558
PLEM08C04,41713
PCU32E02,6215
PLEM07C03,43166
PLEM07C04,48971
PLEM17C03,43352
PLEM17C04,50919
PLEM11C03,8183
PLEM11C04,9114
PLEM12F02,28680
PLEM12F01,2069
PLEM12C03,23762
PLEM12C04,18874
PLEM14F01,9002
PLEM14F02,28680
PLEM14C03,23762
PLEM14C04,18874
PLEM19C03,48605
PLEM19C04,48440
PLEM10C04,22017
PLEM10C03,18055
PLEM15C03,14911
PLEM15C04,17807
PLEM21F01,29365
PLEM21F02,51011
PLEM21C03,23723
PLEM21C04,25317
PLEM21C05,5600
PLEM16C03,12732
PLEM16C04,13657
PLECC6L05,5209
PLECC6L04,0
PLECC6L01,3105
PLECC6L03,6009
PLECC6L02,0
PLECC6J04,25207
PLECC6J03,11300
PLECC6J05,35836
PLECC6J02,18271
PLECC6A05,75992
PLECC6A03,13744
PLECC6A04,12196
PLECC6K01,3105
PLECC6K03,6009
PLECC6K05,5209
PLECC6K04,0
PLECC6K02,0
PLECC5A04,12470
PLECC5A05,77042
PLECC5A03,10170
PLECC5K04,0
PLECC5K02,0
PLECC5K05,7214
PLECC5K01,3013
PLECC5K03,5953
PLECC5J05,34232
PLECC5J02,19651
PLECC5J03,17962
PLECC5J04,21694
PLECC5L01,3013
PLECC5L04,0
PLECC5L05,7214
PLECC5L02,0
PLECC5L03,5953
PLEM04C04,13657
PLEM04C03,13112
PLEM02C04,18458
PLEM02C03,11577
PLEM03C03,17283
PLEM03C04,28777
PLEM13C03,25782
PLEM13C04,34733
PLEM13F01,12923
PLEM20C03,23098
PLEM20C04,23794
PLEM22F01,21785
PLEM22F02,20942
PLEM22F03,8039
PLEM22C03,11527
PLEM22C04,16435
PLEM22C07,3222
PLEM22C06,797
PLEM18C03,10625
PLEM18C04,17233
PLEM09C03,18769
PLEM09C04,22017
PLEM23C04,18043
PLEM23C03,13847
PLEM23F01,16830
PLEM23F04,6699
PLEM23F05,6707
PLEM23F02,45514
PLEM23F06,11706
PLEM23F03,1314
POWM07W05,15155
POWM07W04,13457
POWM07W03,15865
POWM07W02,9121
POWM07W01,11367
POWM07W07,15435
POWM07W06,14957
POWM07F04,54416
POWM07F03,14858
POWM07F01,91429
POWM07F02,17448
POWM07C03,13931
POWM07C02,43589
POWM07C01,11382
POWM07C04,66855
POWM05W05,17052
POWM05W04,4532
POWM05W03,9593
POWM05W01,6776
POWM05W07,19382
POWM05W06,6095
POWM05W02,9745
POWM05F02,27876
POWM05F01,60176
POWM05F03,47140
POWM05C05,57014
POWM05C04,21829
POWM05C03,48970
POWM05C02,5534
POWM05C01,57631
POWM04C05,46536
POWM04C04,42607
POWM04C03,73671
POWM04C01,63529
POWM04C02,8913
POWM04F02,41774
POWM04F01,61130
POWM04F03,33586
POWM04W06,8167
POWM04W05,10722
POWM04W04,6349
POWM04W02,8313
POWM04W01,4442
POWM04W07,13755
POWM04W03,8538
POWM03C05,70200
POWM03C04,15587
POWM03C03,62379
POWM03C02,13879
POWM03C01,73777
POWM03W06,9966
POWM03W05,9921
POWM03W04,7900
POWM03W03,14625
POWM03W02,2893
POWM03W01,4436
POWM03F02,53204
POWM03F01,67567
POWM03F03,45233
POWM01C05,21725
POWM01C03,44323
POWM01C02,3822
POWM01C01,58067
POWM01C04,18753
POWM01F03,16591
POWM01F01,38432
POWM01F02,27535
POWM01W07,9664
POWM01W06,17399
POWM01W05,7133
POWM01W04,4412
POWM01W03,4810
POWM01W02,4424
POWM01W01,2127
POWM06F02,23667
POWM06F01,53602
POWM06F03,35167
POWM06C05,24418
POWM06C04,22106
POWM06C03,20618
POWM06C02,6735
POWM06C01,44153
POWM06W05,13042
POWM06W04,6859
POWM06W03,11213
POWM06W02,5748
POWM06W01,8066
POWM06W06,12184
POWM06W07,12739
POWM02W06,1606
POWM02W05,10761
POWM02W04,1445
POWM02W02,1887
POWM02W01,4453
POWM02W07,10662
POWM02W03,8236
POWM02C05,31171
POWM02C04,19885
POWM02C03,67372
POWM02C01,78610
POWM02C02,9789
POWM02F03,27333
POWM02F02,44020
POWM02F01,61982
POEM07W06,11100
POEM07W05,12781
POEM07W03,10661
POEM07W02,7562
POEM07W01,11936
POEM07W07,15086
POEM07W04,8833
POEM07C04,66973
POEM07C02,26004
POEM07C01,13372
POEM07C03,52607
POEM07F02,248837
POEM07F01,105283
POEM06W07,17648
POEM06W06,7706
POEM06W05,12983
POEM06W04,7135
POEM06W03,13528
POEM06W02,5256
POEM06W01,8606
POEM06C04,58461
POEM06C02,42073
POEM06C01,37257
POEM06C03,44385
POEM06F02,145270
POEM06F01,78020
POEM04W07,13579
POEM04W06,14334
POEM04W05,12473
POEM04W02,8793
POEM04W01,6315
POEM04W04,9035
POEM04W03,12088
POEM04F04,18179
POEM04F03,1159
POEM04F02,39623
POEM04F01,58806
POEM04C05,46406
POEM04C04,35486
POEM04C03,67995
POEM04C02,1501
POEM04C01,44568
POEM01W05,3163
POEM01W08,10081
POEM01W03,3085
POEM01W04,4840
POEM01W02,3534
POEM01W10,10642
POEM01W07,3355
POEM01W06,5117
POEM01W01,2505
POEM01W09,7904
POEM01C06,4672
POEM01C05,11635
POEM01C04b,24836
POEM01C03b,6410
POEM01C02b,17019
POEM01C01,28523
POEM01C08,15924
POEM01C04a,6845
POEM01C03a,5651
POEM01C02a,2091
POEM01C07,13454
POEM01F01,38032
POEM01F02,34084
POEM03W07,8019
POEM03W06,6522
POEM03W05,7043
POEM03W04,4846
POEM03W03,2948
POEM03W02,4625
POEM03W01,4648
POEM03F02a,0
POEM03F01a,0
POEM03F02b,71149
POEM03F01b,49007
POEM03C08,10212
POEM03C07,15786
POEM03C06,4365
POEM03C05,5033
POEM03C04,71025
POEM03C03,5062
POEM03C01,63294
POEM03C07a,3663
POEM03C02,11875
POEM02W09,14747
POEM02W08,9028
POEM02W07,6446
POEM02W06,1446
POEM02W05,6365
POEM02W04,1446
POEM02W03,5942
POEM02W02,1302
POEM02W01,3848
POEM02F02,40615
POEM02F01,53394
POEM02C08,13080
POEM02C07a,14421
POEM02C06,13058
POEM02C05,6768
POEM02C04a,3440
POEM02C03a,2627
POEM02C02a,696
POEM02C07,18628
POEM02C03b,0
POEM02C04b,57208
POEM02C01,42032
POEM02C02b,31649
POEM05C04,100371
POEM05C03,48088
POEM05C02,36344
POEM05C01,48570
POEM05W04,6217
POEM05W06,6721
POEM05W03,14636
POEM05W02,4939
POEM05W01,7787
POEM05W07,16630
POEM05W05,14754
POEM05F02,123788
POEM05F01,90912
