site,report,lift,qty_equipment,volume,concrete_start,concrete_finish,duration,calc_duration,calc_rate,rate,type
P,4198,PH1E2AW02,1,33,7/16/2013 19:36,7/16/2013 23:00,3.4,3.4,9.705882353,10,Redfern Request 325
P,4425,PH1E2AW02,2,117,8/5/2013 10:15,8/6/2013 6:27,20.2,20.2,5.792079208,6,Redfern Request 325
P,4084,PH1E2BW02,1,31.5,7/6/2013 15:34,7/6/2013 18:33,2.983333333,2.98,10.55865922,11,Redfern Request 325
P,7345,PH1E3AW01,1,128,6/18/2014 15:00,6/18/2014 23:00,8,8,16,16,Redfern Request 325
P,4274,PH1E3AW02,1,32,7/23/2013 16:51,7/23/2013 19:26,2.583333333,2.58,12.38709677,12,Redfern Request 325
P,4368,PH1E3AW02,1,299,7/30/2013 14:02,7/30/2013 22:03,8.016666667,8.02,37.2972973,37,Redfern Request 325
P,6876,PH1E3AW02,1,8.5,5/18/2014 23:30,5/19/2014 0:00,0.5,0.5,17,8,Redfern Request 325
P,5236,PH1E3AW03,1,10,10/8/2013 11:27,10/8/2013 12:00,0.55,0.55,18.18181818,18,Redfern Request 325
P,4346,PH1E3BW01,1,32,7/29/2013 20:55,7/29/2013 22:47,1.866666667,1.87,17.14285714,17,Redfern Request 325
P,4158,PH1E3BW02,1,32,7/12/2013 16:42,7/12/2013 20:22,3.666666667,3.67,8.727272727,9,Redfern Request 325
P,4160,PH1E3BW02,1,35,7/12/2013 20:04,7/13/2013 2:40,6.6,6.6,5.303030303,5,Redfern Request 325
P,4250,PH1E3BW02,2,456,7/20/2013 13:30,7/20/2013 23:50,10.33333333,10.33,44.12903226,44,Redfern Request 325
P,5235,PH1E3BW03,1,10,10/8/2013 10:42,10/8/2013 11:26,0.733333333,0.73,13.63636364,14,Redfern Request 325
P,4130,PH1E3CW02,1,272,7/10/2013 19:20,7/11/2013 7:56,12.6,12.6,21.58730159,22,Redfern Request 325
P,5234,PH1E3CW03,1,9,10/8/2013 10:09,10/8/2013 10:37,0.466666667,0.47,19.28571429,19,Redfern Request 325
P,7400,PH1W6AW01,1,258.5,6/21/2014 13:45,6/21/2014 23:55,10.16666667,10.17,25.42622951,25,Redfern Request 325
P,4145,PH1W6BW02,1,256,7/11/2013 16:42,7/12/2013 2:18,9.6,9.6,26.66666667,27,Redfern Request 325
P,4177,PH1W6CW02,1,468,7/13/2013 16:40,7/14/2013 2:35,9.916666667,9.92,47.19327731,47,Redfern Request 325
P,4051,PH1W6DW02,1,188,7/3/2013 5:20,7/3/2013 12:05,6.75,6.75,27.85185185,28,Redfern Request 325
P,4083,PH2E1AW02,1,16,7/6/2013 12:08,7/6/2013 13:35,1.45,1.45,11.03448276,11,Redfern Request 325
P,4162,PH2E1AW02,1,32,7/12/2013 20:30,7/12/2013 23:30,3,3,10.66666667,11,Redfern Request 325
P,4787,PH2E1BW02,1,24,9/3/2013 2:27,9/3/2013 3:59,1.533333333,1.53,15.65217391,16,Redfern Request 325
P,4306,PH2E1BW03b,1,672,7/25/2013 20:10,7/26/2013 18:20,22.16666667,22.17,30.31578947,30,Redfern Request 325
P,9059,PH2E1CW01,1,200,10/4/2014 18:50,10/5/2014 1:39,6.816666667,6.82,29.3398533,29,Redfern Request 325
P,4131,PH2E1CW02,1,24,7/10/2013 21:22,7/11/2013 1:15,3.883333333,3.88,6.180257511,6,Redfern Request 325
P,4714,PH2E1CW02,1,16,8/31/2013 12:20,8/31/2013 13:35,1.25,1.25,12.8,13,Redfern Request 325
P,4172,PH2E2AW02,1,32,7/12/2013 5:30,7/12/2013 11:35,6.083333333,6.08,5.260273973,5,Redfern Request 325
P,7774,PH2E2BW02,1,405.25,7/17/2014 15:15,,20.75,,19.53012048,20,Redfern Request 325
P,4178,PH2E2BW02,1,24,7/13/2013 18:17,7/13/2013 22:20,4.05,4.05,5.925925926,6,Redfern Request 325
P,4351,PH2E2BW02,1,34,7/29/2013 2:45,7/29/2013 11:00,8.25,8.25,4.121212121,4,Redfern Request 325
P,4624,PH2E3AW04,1,617,8/21/2013 12:30,8/21/2013 23:59,11.48333333,11.48,53.73004354,54,Redfern Request 325
P,4337,PH2E3AW05,1,576,7/27/2013 22:50,7/28/2013 4:15,5.416666667,5.42,106.3384615,106,Redfern Request 325
P,4827,PH2E3BW02,1,80,9/6/2013 16:38,9/6/2013 20:45,4.116666667,4.12,19.43319838,3,Redfern Request 325
P,4974,PH2E3BW02,1,24,9/18/2013 9:35,9/18/2013 23:55,14.33333333,14.33,1.674418605,Blank,Redfern Request 325
P,4605,PH2E3BW03a,1,32,8/20/2013 9:00,8/20/2013 14:15,5.25,5.25,6.095238095,6,Redfern Request 325
P,4605,PH2E3BW03a,1,32,8/28/2013 9:00,8/28/2013 14:15,5.25,5.25,6.095238095,6,Redfern Request 325
P,4263,PH2E3BW04,1,978,7/22/2013 17:15,7/23/2013 16:28,23.21666667,23.22,42.12491027,42,Redfern Request 325
P,4202,PH2E3CW02,1,16,7/16/2013 1:41,7/16/2013 5:00,3.316666667,3.32,4.824120603,5,Redfern Request 325
P,7389,PH2E3AW02,1,168,6/20/2014 0:48,6/20/2014 5:16,4.466666667,4.47,37.6119403,38,Redfern Request 325
P,4369,PH2W6CW04,1,1048,7/31/2013 14:40,8/1/2013 9:46,19.1,19.1,54.86910995,55,Redfern Request 325
P,4078,PH2W6CW06,2,1076,7/6/2013 8:12,7/7/2013 3:53,19.68333333,19.68,54.66553768,55,Redfern Request 325
P,4054,PH3C4AF02,1,20.5,7/3/2013 6:10,7/3/2013 7:00,0.833333333,0.83,24.6,25,Redfern Request 325
P,4108,PH3C4BF01,2,549,7/9/2013 10:31,7/10/2013 4:55,18.4,18.4,29.83695652,30,Redfern Request 325
P,4230,PH3C4CF02,1,40,7/18/2013 0:54,7/18/2013 2:30,1.6,1.6,25,25,Redfern Request 325
P,4235,PH3C4CF02,1,168,7/19/2013 8:47,7/19/2013 13:03,4.266666667,4.27,39.375,39,Redfern Request 325
P,4076,PH3C5AF02,1,13,7/5/2013 1:40,7/5/2013 2:40,1,1,13,13,Redfern Request 325
P,4278,PH3C5CF02,1,11,7/23/2013 3:04,7/23/2013 4:28,1.4,1.4,7.857142857,8,Redfern Request 325
P,7328,PH3E1BW02,1,405,6/17/2014 13:25,6/18/2014 4:10,14.75,14.75,27.45762712,27,Redfern Request 325
P,6951,PH3E1BW03,2,536,5/22/2014 9:25,5/23/2014 0:50,15.41666667,15.42,34.76756757,35,Redfern Request 325
P,6657,PH3E1BW04,2,762,4/12/2014 9:20,4/13/2014 0:11,14.85,14.85,51.31313131,51,Redfern Request 325
P,7231,PH3E1CW01,2,200,6/10/2014 17:04,6/11/2014 12:10,19.1,19.1,10.47120419,10,Redfern Request 325
P,6868,PH3E1CW02,1,262.5,5/15/2014 12:50,5/15/2014 22:50,10,10,26.25,26,Redfern Request 325
P,6596,PH3E1CW03,1,311.5,4/7/2014 13:30,4/8/2014 1:00,11.5,11.5,27.08695652,14,Redfern Request 325
P,7064,PH3E1CW03,1,12,5/29/2014 0:50,5/29/2014 3:00,2.166666667,2.17,5.538461538,6,Redfern Request 325
P,7395,PH3E2AW02,1,177.5,6/21/2014 8:25,6/21/2014 13:41,5.266666667,5.27,33.70253165,34,Redfern Request 325
P,7401,PH3E2AW02,1,10,6/21/2014 16:17,6/21/2014 17:17,1,1,10,10,Redfern Request 325
P,7485,PH3E2AW02,1,13.5,6/27/2014 14:31,6/27/2014 15:36,1.083333333,1.08,12.46153846,12,Redfern Request 325
P,7262,PH3E2AW03,1,246.75,6/12/2014 8:40,6/12/2014 19:35,10.91666667,10.92,22.60305344,23,Redfern Request 325
P,7783,PH3E2BW01,1,209.5,7/17/2014 1:00,7/17/2014 12:50,11.83333333,11.83,17.70422535,18,Redfern Request 325
P,Blank,PH3E2BW02,1,17,3/14/2014 18:06,3/14/2014 18:48,0.7,0.7,24.28571429,24.29,Redfern Request 325
P,6886,PH3E2BW02,1,17,5/16/2014 19:00,5/16/2014 20:00,1,1,17,16,Redfern Request 325
P,7416,PH3E2BW02,1,12.5,6/23/2014 13:17,6/23/2014 15:41,2.4,2.4,5.208333333,5,Redfern Request 325
P,Blank,PH3E2BW04,2,621,10/31/2013 18:30,11/1/2013 10:53,16.38333333,16.38,37.90437436,n.a,Redfern Request 325
P,5387,PH3E2BW05,1,808,10/18/2013 21:52,10/19/2013 13:40,15.8,15.8,51.13924051,51,Redfern Request 325
P,5300,PH3E2BW06,2,699,10/12/2013 15:10,10/13/2013 1:30,10.33333333,10.33,67.64516129,68,Redfern Request 325
P,Blank,PH3E2CW02,1,19,10/19/2013 13:20,10/19/2013 15:30,2.166666667,2.17,8.769230769,n.a,Redfern Request 325
P,4761,PH3E2CW05,1,476,9/2/2013 13:10,9/2/2013 20:20,7.166666667,7.17,66.41860465,9,Redfern Request 325
P,4673,PH3E2CW06,1,476,8/26/2013 18:38,8/27/2013 13:20,18.7,18.7,25.45454545,25,Redfern Request 325
P,4305,PH3E2CW10,1,668,7/25/2013 18:32,7/26/2013 10:10,15.63333333,15.63,42.72921109,43,Redfern Request 325
P,4142,PH3E2CW11,1,698.5,7/10/2013 5:58,7/10/2013 15:37,9.65,9.65,72.38341969,72,Redfern Request 325
P,6943,PH3E3AW01,1,133.5,5/21/2014 14:15,5/21/2014 22:20,8.083333333,8.08,16.51546392,17,Redfern Request 325
P,6411,PH3E3AW02a,1,246.5,3/21/2014 8:56,3/21/2014 14:40,5.733333333,5.73,42.99418605,43,Redfern Request 325
P,6552,PH3E3AW02a,1,7,4/3/2014 17:00,4/3/2014 17:45,0.75,0.75,9.333333333,5,Redfern Request 325
P,6545,PH3E3AW02a,1,16,4/3/2014 9:59,4/3/2014 11:48,1.816666667,1.82,8.80733945,4,Redfern Request 325
P,5878,PH3E3AW04,1,432,12/3/2013 19:20,12/4/2013 4:30,9.166666667,9.17,47.12727273,47,Redfern Request 325
P,4859,PH3E3AW06a,1,230,9/10/2013 4:15,9/10/2013 10:20,6.083333333,6.08,37.80821918,Blank,Redfern Request 325
P,4748,PH3E3AW06b,1,501,8/31/2013 17:49,9/1/2013 2:32,8.716666667,8.72,57.47609943,57,Redfern Request 325
P,4608,PH3E3AW07a,1,420,8/20/2013 14:15,8/21/2013 2:00,11.75,11.75,35.74468085,44,Redfern Request 325
P,4444,PH3E3AW08,1,624,8/6/2013 17:44,8/7/2013 6:00,12.26666667,12.27,50.86956522,51,Redfern Request 325
P,4058,PH3E3AW10,1,832,7/4/2013 20:35,7/5/2013 18:45,22.16666667,22.17,37.53383459,38,Redfern Request 325
P,Blank,PH3E3BF02,1,616,8/31/2013 1:45,8/31/2013 20:15,18.5,18.5,33.2972973,33,Redfern Request 325
P,7106,PH3E3BW02a,2,507.5,6/2/2014 18:00,6/3/2014 4:20,10.33333333,10.33,49.11290323,49,Redfern Request 325
P,7258,PH3E3BW02a,1,17,6/11/2014 0:25,6/11/2014 3:09,2.733333333,2.73,6.219512195,6,Redfern Request 325
P,7351,PH3E3BW02a,1,13.5,6/18/2014 23:50,6/19/2014 2:40,2.833333333,2.83,4.764705882,5,Redfern Request 325
P,6735,PH3E3BW03,2,595,4/21/2014 9:45,4/21/2014 23:25,13.66666667,13.67,43.53658537,44,Redfern Request 325
P,6440,PH3E3BW04,2,718.5,3/25/2014 8:29,3/25/2014 18:26,9.95,9.95,72.21105528,72,Redfern Request 325
P,5729,PH3E3BW09,1,1010,11/19/2013 21:55,11/20/2013 15:29,17.56666667,17.57,57.49525617,57,Redfern Request 325
P,5452,PH3E3BW11,1,931,10/25/2013 4:27,10/26/2013 3:05,22.63333333,22.63,41.13402062,41,Redfern Request 325
P,7261,PH3E3BW12,1,3,6/11/2014 3:30,6/11/2014 4:00,0.5,0.5,6,6,Redfern Request 325
P,7371,PH3E3CW01,1,7,10/24/2014 9:19,10/24/2014 10:42,1.383333333,1.38,5.060240964,5,Redfern Request 325
P,Blank,PH3E3CW02a,1,345,3/13/2014 9:15,3/13/2014 17:28,8.216666667,8.22,41.98782961,41.99,Redfern Request 325
P,5758,PH3E3CW05,1,574,11/21/2013 19:35,11/22/2013 10:25,14.83333333,14.83,38.69662921,39,Redfern Request 325
P,Blank,PH3E3CW07a,2,513,10/26/2013 20:10,10/27/2013 3:20,7.166666667,7.17,71.58139535,n.a,Redfern Request 325
P,5376,PH3E3CW08,1,564,10/18/2013 0:19,10/18/2013 16:05,15.76666667,15.77,35.77167019,14,Redfern Request 325
P,Blank,PH3E3CW09a,2,640,10/9/2013 11:35,10/10/2013 2:20,14.75,14.75,43.38983051,43,Redfern Request 325
P,4906,PH3E3CW11,1,582,9/12/2013 4:37,9/12/2013 17:00,12.38333333,12.38,46.9986541,47,Redfern Request 325
P,4441,PH3C4CF02,1,16,11/6/2013 6:00,11/6/2013 8:11,2.183333333,2.18,7.328244275,7,Redfern Request 325
P,7210,PH3W6EW04,1,59,6/9/2014 9:57,6/9/2014 12:15,2.3,2.3,25.65217391,26,Redfern Request 325
P,7847,PH3W6AW02,1,72,7/22/2014 11:40,7/22/2014 15:02,3.366666667,3.37,21.38613861,21,Redfern Request 325
P,6520,PH3W6AW03,1,103,4/1/2014 23:18,4/2/2014 2:31,3.216666667,3.22,32.02072539,16,Redfern Request 325
P,6366,PH3W6AW04a,1,135.5,3/17/2014 9:52,3/17/2014 15:45,5.883333333,5.88,23.03116147,23,Redfern Request 325
P,5834,PH3W6AW09a,1,176,11/28/2013 10:23,11/29/2013 4:12,17.81666667,17.82,9.87839102,10,Redfern Request 325
P,5834,PH3W6AW09b,1,176,11/28/2013 10:23,11/29/2013 4:12,17.81666667,17.82,9.87839102,10,Redfern Request 325
P,4226,PH3W6AW11,2,326.5,7/18/2013 16:20,7/18/2013 22:11,5.85,5.85,55.81196581,56,Redfern Request 325
P,4157,PH3W6AW12,1,184.5,7/12/2013 12:03,7/12/2013 20:20,8.283333333,8.28,22.27364185,22,Redfern Request 325
P,7283,PH3W6BW01,1,202,6/13/2014 9:15,6/13/2014 19:40,10.41666667,10.42,19.392,19,Redfern Request 325
P,5419,PH3W6BW03,1,457,10/21/2013 5:07,10/21/2013 14:50,9.716666667,9.72,47.03259005,14,Redfern Request 325
P,4123,PH3W6CF01,2,292,7/9/2013 5:30,7/9/2013 17:20,11.83333333,11.83,24.67605634,25,Redfern Request 325
P,6907,PH3W6CW01,2,441.5,5/19/2014 10:00,5/19/2014 22:30,12.5,12.5,35.32,35,Redfern Request 325
P,5687,PH3W6CW08a,1,557,11/15/2013 20:50,11/16/2013 12:15,15.41666667,15.42,36.12972973,36,Redfern Request 325
P,5687,PH3W6CW08b,1,557,11/15/2013 20:50,11/16/2013 12:15,15.41666667,15.42,36.12972973,36,Redfern Request 325
P,5687,PH3W6CW08c,1,557,11/15/2013 20:50,11/16/2013 12:15,15.41666667,15.42,36.12972973,36,Redfern Request 325
P,5513,PH3W6CW09a,1,582,10/29/2013 5:45,10/29/2013 17:30,11.75,11.75,49.53191489,50,Redfern Request 325
P,5282,PH3W6CW10,Blank,1066,10/10/2013 23:15,10/11/2013 1:00,1.75,1.75,609.1428571,41,Redfern Request 325
P,4568,PH3W6CW13a,1,848.5,8/15/2013 3:01,8/15/2013 22:46,19.75,19.75,42.96202532,19,Redfern Request 325
P,4568,PH3W6CW13b,1,848.5,8/15/2013 3:01,8/15/2013 22:46,19.75,19.75,42.96202532,19,Redfern Request 325
P,4568,PH3W6CW13c,1,848.5,8/15/2013 3:01,8/15/2013 22:46,19.75,19.75,42.96202532,19,Redfern Request 325
P,4323,PH3W6CW14a,1,735,7/26/2013 22:15,7/27/2013 5:56,7.683333333,7.68,95.66160521,96,Redfern Request 325
P,4323,PH3W6CW14b,1,735,7/26/2013 22:15,7/27/2013 5:56,7.683333333,7.68,95.66160521,96,Redfern Request 325
P,4323,PH3W6CW14c,1,735,7/26/2013 22:15,7/27/2013 5:56,7.683333333,7.68,95.66160521,96,Redfern Request 325
P,6449,PH3W6DF01,1,38.5,3/25/2014 19:42,3/25/2014 22:28,2.766666667,2.77,13.91566265,14,Redfern Request 325
P,5886,PH3W6DW04a,1,536,12/4/2013 9:29,12/5/2013 5:14,19.75,19.75,27.13924051,27,Redfern Request 325
P,5886,PH3W6DW04b,1,536,12/4/2013 9:29,12/5/2013 5:14,19.75,19.75,27.13924051,27,Redfern Request 325
P,5603,PH3W6DW07,1,468,11/8/2013 11:05,11/8/2013 23:22,12.28333333,12.28,38.10040706,38,Redfern Request 325
P,5444,PH3W6DW08a,1,244,10/23/2013 20:00,10/24/2013 2:41,6.683333333,6.68,36.50872818,37,Redfern Request 325
P,5444,PH3W6DW08b,1,244,10/23/2013 20:00,10/24/2013 2:41,6.683333333,6.68,36.50872818,37,Redfern Request 325
P,5352,PH3W6DW09a,1,253,10/16/2013 13:21,10/16/2013 20:16,6.916666667,6.92,36.57831325,37,Redfern Request 325
P,5352,PH3W6DW09b,1,253,10/16/2013 13:21,10/16/2013 20:16,6.916666667,6.92,36.57831325,37,Redfern Request 325
P,Blank,PH3W6DW11,1,204,3/12/2014 9:23,3/12/2014 14:56,5.55,5.55,36.75675676,36.76,Redfern Request 325
P,6530,PH3W6EW05,1,75.5,4/2/2014 10:57,4/2/2014 15:04,4.116666667,4.12,18.34008097,9,Redfern Request 325
P,4780,PH3W6EW08a,1,173,9/3/2013 21:52,9/4/2013 1:52,4,4,43.25,43,Redfern Request 325
P,4780,PH3W6EW08b,1,173,9/3/2013 21:52,9/4/2013 1:52,4,4,43.25,43,Redfern Request 325
P,4108,PH4C4BF01,2,549,7/9/2013 10:31,7/10/2013 4:55,18.4,18.4,29.83695652,30,Redfern Request 325
P,4659,PH4C5BF01,1,776,8/24/2013 7:41,8/24/2013 15:25,7.733333333,7.73,100.3448276,100,Redfern Request 325
P,4366,PH4C5BF02,1,720,7/31/2013 10:15,7/31/2013 10:54,0.65,0.65,1107.692308,29,Redfern Request 325
P,4129,PH4C5CF02,1,414,7/10/2013 13:25,7/10/2013 23:45,10.33333333,10.33,40.06451613,40,Redfern Request 325
P,4290,PH4C5CF02,1,16,7/22/2013 4:52,7/22/2013 8:45,3.883333333,3.88,4.120171674,4,Redfern Request 325
P,6547,PH4E1AW02,Blank,136.5,4/3/2014 11:32,4/3/2014 16:10,4.633333333,4.63,29.46043165,15,Redfern Request 325
P,6914,PH4E1AW02,1,38,5/19/2014 23:05,5/20/2014 2:15,3.166666667,3.17,12,12,Redfern Request 325
P,5808,PH4E1AW04,1,400,11/26/2013 11:35,11/27/2013 0:55,13.33333333,13.33,30,30,Redfern Request 325
P,6381,PH4E1AW07,1,248,3/18/2014 9:20,3/18/2014 16:15,6.916666667,6.92,35.85542169,36,Redfern Request 325
P,7646,PH4E1BW03,2,555.5,7/10/2014 8:00,7/10/2014 20:27,12.45,12.45,44.6184739,45,Redfern Request 325
P,7308,PH4E1BW04,2,713.5,6/14/2014 10:30,6/14/2014 22:30,12,12,59.45833333,59,Redfern Request 325
P,4251,PH4E1BW05,2,992,7/20/2013 14:30,7/21/2013 4:40,14.16666667,14.17,70.02352941,70,Redfern Request 325
P,9050,PH4E1CW02,1,36.5,10/3/2014 18:38,10/3/2014 22:15,3.616666667,3.62,10.0921659,10.08,Redfern Request 325
P,7436,PH4E1CW03,1,307,6/24/2014 22:00,6/25/2014 9:00,11,11,27.90909091,28,Redfern Request 325
P,6404,PH4E1CW04,2,420.5,3/20/2014 8:58,3/20/2014 15:40,6.7,6.7,62.76119403,63,Redfern Request 325
P,4528,PH4E2AF01,1,446,8/13/2013 17:15,8/14/2013 2:52,9.616666667,9.62,46.37781629,46,Redfern Request 325
P,4467,PH4E2AF02,2,1046,8/7/2013 1:20,8/7/2013 22:05,20.75,20.75,50.40963855,50,Redfern Request 325
P,7014,PH4E2AW02,1,38.5,5/27/2014 9:40,5/27/2014 12:35,2.916666667,2.92,13.2,12,Redfern Request 325
P,5680,PH4E2AW04,1,343,11/15/2013 13:50,11/16/2013 2:20,12.5,12.5,27.44,27,Redfern Request 325
P,5542,PH4E2AW05,1,472,10/31/2013 0:40,10/31/2013 14:00,13.33333333,13.33,35.4,35,Redfern Request 325
P,4700,PH4E2AW12,2,690,8/28/2013 15:22,8/29/2013 6:00,14.63333333,14.63,47.15261959,47,Redfern Request 325
P,4641,PH4E2AW13,2,752,8/22/2013 19:40,8/23/2013 8:20,12.66666667,12.67,59.36842105,59,Redfern Request 325
P,4581,PH4E2AW14,2,792.5,8/17/2013 14:20,8/18/2013 6:42,16.36666667,16.37,48.42158859,48,Redfern Request 325
P,7795,PH4E2BW03,1,477,7/18/2014 18:20,7/19/2014 10:45,16.41666667,16.42,29.05583756,29,Redfern Request 325
P,5831,PH4E2BW06,1,732,11/27/2013 3:45,11/27/2013 16:20,12.58333333,12.58,58.17218543,58,Redfern Request 325
P,5741,PH4E2BW07,1,672,11/20/2013 9:59,11/20/2013 21:33,11.56666667,11.57,58.09798271,58,Redfern Request 325
P,5662,PH4E2BW08,1,612,11/13/2013 3:15,11/13/2013 19:26,16.18333333,16.18,37.81668383,38,Redfern Request 325
P,Blank,PH4E2BW10,1,597,10/30/2013 15:20,10/31/2013 2:40,11.33333333,11.33,52.67647059,n.a,Redfern Request 325
P,5425,PH4E2BW11,1,806,10/22/2013 17:35,10/23/2013 14:20,20.75,20.75,38.84337349,12,Redfern Request 325
P,9766,PH4E2CW02,1,123,11/22/2014 17:57,11/22/2014 23:10,5.216666667,5.22,23.57827476,4,Redfern Request 325
P,4747,PH4E3AF01,1,644,9/1/2013 16:40,9/2/2013 5:23,12.71666667,12.72,50.64220183,51,Redfern Request 325
P,4151,PH4E3AF02,1,445,7/11/2013 2:30,7/11/2013 11:20,8.833333333,8.83,50.37735849,14,Redfern Request 325
P,7796,PH4E3AW02,Blank,5,7/18/2014 19:30,7/18/2014 20:00,0.5,0.5,10,5,Redfern Request 325
P,Blank,PH4E3AW03,1,352,2/26/2014 9:08,2/26/2014 16:50,7.7,7.7,45.71428571,45.71,Redfern Request 325
P,5846,PH4E3AW07,1,636,11/28/2013 23:40,11/29/2013 13:10,13.5,13.5,47.11111111,47,Redfern Request 325
P,Blank,PH4E3AW08,2,552,11/16/2013 16:40,11/17/2013 0:22,7.7,7.7,71.68831169,72,Redfern Request 325
P,5326,PH4E3AW11,2,872,10/14/2013 22:25,10/15/2013 1:15,2.833333333,2.83,307.7647059,n.a,Redfern Request 325
P,4921,PH4E3AW14,1,992,9/13/2013 1:25,9/13/2013 2:00,0.583333333,0.58,1700.571429,Blank,Redfern Request 325
P,5340,PH4E3BF01,2,704,10/15/2013 22:25,10/16/2013 12:37,14.2,14.2,49.57746479,50,Redfern Request 325
P,4600,PH4E3BF04a,2,896,8/19/2013 11:56,8/19/2013 12:30,0.566666667,0.57,1581.176471,37,Redfern Request 325
P,4600,PH4E3BF04b,2,896,8/19/2013 11:56,8/19/2013 12:30,0.566666667,0.57,1581.176471,37,Redfern Request 325
P,4600,PH4E3BF04c,2,896,8/19/2013 11:56,8/19/2013 12:30,0.566666667,0.57,1581.176471,37,Redfern Request 325
P,4192,PH4E3BF05a,1,16,7/15/2013 2:45,7/15/2013 3:00,0.25,0.25,64,64,Redfern Request 325
P,4192,PH4E3BF05b,1,16,7/15/2013 2:45,7/15/2013 3:00,0.25,0.25,64,64,Redfern Request 325
P,4192,PH4E3BF05c,1,16,7/15/2013 2:45,7/15/2013 3:00,0.25,0.25,64,64,Redfern Request 325
P,4233,PH4E3BF05a,1,32.5,7/18/2013 4:27,7/18/2013 6:11,1.733333333,1.73,18.75,19,Redfern Request 325
P,4233,PH4E3BF05b,1,32.5,7/18/2013 4:27,7/18/2013 6:11,1.733333333,1.73,18.75,19,Redfern Request 325
P,4233,PH4E3BF05c,1,32.5,7/18/2013 4:27,7/18/2013 6:11,1.733333333,1.73,18.75,19,Redfern Request 325
P,7794,PH4E3BW02,1,40,7/18/2014 15:32,7/18/2014 18:47,3.25,3.25,12.30769231,12,Redfern Request 325
P,7385,PH4E3BW03,1,578,6/20/2014 22:48,6/21/2014 14:00,15.2,15.2,38.02631579,38,Redfern Request 325
P,7061,PH4E3BW04,2,735.5,5/29/2014 20:30,5/30/2014 11:00,14.5,14.5,50.72413793,51,Redfern Request 325
P,6254,PH4E3BW06,2,829,3/26/2014 9:24,3/26/2014 16:48,7.4,7.4,112.027027,56,Redfern Request 325
P,Blank,PH4E3BW07,2,893.5,3/10/2014 9:18,3/10/2014 19:44,10.43333333,10.43,85.63897764,85.64,Redfern Request 325
P,5854,PH4E3BW13,2,986,11/29/2013 20:06,11/30/2013 11:30,15.4,15.4,64.02597403,64,Redfern Request 325
P,5668,PH4E3BW14,1,1024,11/14/2013 13:20,11/15/2013 5:30,16.16666667,16.17,63.34020619,63,Redfern Request 325
P,4988,PH4E3CF01,2,866,9/19/2013 1:25,9/19/2013 11:32,10.11666667,10.12,85.60131796,Blank,Redfern Request 325
P,4448,PH4E3CF03,2,968,8/8/2013 3:45,8/8/2013 23:10,19.41666667,19.42,49.85407725,50,Redfern Request 325
P,9630,PH4E3CW01,1,74,11/19/2014 7:42,11/19/2014 10:00,2.3,2.3,32.17391304,32,Redfern Request 325
P,9562,PH4E3CW02,1,8,11/14/2014 22:32,11/14/2014 23:00,0.466666667,0.47,17.14285714,17,Redfern Request 325
P,6819,PH4E3CW03,2,406.5,5/13/2014 7:50,5/14/2014 2:08,18.3,18.3,22.21311475,22,Redfern Request 325
P,Blank,PH4E3CW04,1,522,3/15/2014 8:26,3/15/2014 16:30,8.066666667,8.07,64.7107438,64.71,Redfern Request 325
P,5749,PH4E3CW09,1,616,11/20/2013 1:12,11/20/2013 15:11,13.98333333,13.98,44.05244338,44,Redfern Request 325
P,5634,PH4E3CW10,1,624,11/12/2013 11:41,11/12/2013 23:08,11.45,11.45,54.49781659,Blank,Redfern Request 325
P,5240,PH4E3CW13,2,984,10/8/2013 20:45,10/9/2013 13:20,16.58333333,16.58,59.33668342,59,Redfern Request 325
P,4670,PH4W6AW03,1,416,8/26/2013 11:05,8/27/2013 4:15,17.16666667,17.17,24.23300971,24,Redfern Request 325
P,4564,PH4W6AW04,1,453.25,8/15/2013 20:06,8/15/2013 21:52,1.766666667,1.77,256.5566038,18,Redfern Request 325
P,4437,PH4W6AW05,1,420,8/5/2013 3:30,8/5/2013 10:40,7.166666667,7.17,58.60465116,59,Redfern Request 325
P,Blank,PH4W6AW06,1,416,7/25/2013 0:55,7/25/2013 16:45,15.83333333,15.83,26.27368421,26,Redfern Request 325
P,4015,PH4W6AW07,1,80,7/1/2013 16:15,7/1/2013 20:55,4.666666667,4.67,17.14285714,17,Redfern Request 325
P,4113,PH4W6AW07,1,329,7/9/2013 18:26,7/10/2013 1:55,7.483333333,7.48,43.96436526,44,Redfern Request 325
P,Blank,PH4W6BW02a,1,241,10/26/2013 10:40,10/26/2013 19:10,8.5,8.5,28.35294118,n.a,Redfern Request 325
P,4807,PH4W6BW05,1,415,9/4/2013 6:20,9/5/2013 1:26,19.1,19.1,21.72774869,22,Redfern Request 325
P,4684,PH4W6BW06,1,444,8/27/2013 16:10,8/28/2013 8:45,16.58333333,16.58,26.77386935,27,Redfern Request 325
P,4575,PH4W6BW07,1,342,8/16/2013 23:40,8/17/2013 12:13,12.55,12.55,27.25099602,27,Redfern Request 325
P,4345,PH4W6BW08a,1,200,7/29/2013 20:15,7/30/2013 3:50,7.583333333,7.58,26.37362637,26,Redfern Request 325
P,4345,PH4W6BW08b,1,200,7/29/2013 20:15,7/30/2013 3:50,7.583333333,7.58,26.37362637,26,Redfern Request 325
P,4222,PH4W6BW09a,1,205,7/19/2013 15:42,7/19/2013 23:15,7.55,7.55,27.15231788,27,Redfern Request 325
P,4032,PH4W6BW10,2,425,7/2/2013 19:51,7/3/2013 3:25,7.566666667,7.57,56.16740088,56,Redfern Request 325
P,5736,PH4W6CW04,2,1020,11/19/2013 2:55,11/19/2013 22:33,19.63333333,19.63,51.9524618,52,Redfern Request 325
P,5416,PH4W6CW06,1,1072,10/21/2013 23:20,10/22/2013 13:30,14.16666667,14.17,75.67058824,76,Redfern Request 325
P,5225,PH4W6CW07,2,868,10/7/2013 0:15,10/7/2013 20:51,20.6,20.6,42.13592233,42,Redfern Request 325
P,4236,PH4W6CW11,1,303,7/30/2013 1:45,7/30/2013 16:01,14.26666667,14.27,21.23831776,21,Redfern Request 325
P,6037,PH4W6DW03,1,512,12/21/2013 16:47,12/22/2013 2:00,9.216666667,9.22,55.55153707,56,Redfern Request 325
P,5819,PH4W6DW05,1,484,11/27/2013 9:17,11/27/2013 17:15,7.966666667,7.97,60.75313808,15,Redfern Request 325
P,5488,PH4W6DW09a,1,230.5,10/28/2013 9:30,10/28/2013 18:00,8.5,8.5,27.11764706,28,Redfern Request 325
P,5488,PH4W6DW09b,1,230.5,10/28/2013 9:30,10/28/2013 18:00,8.5,8.5,27.11764706,28,Redfern Request 325
P,4204,PH4W6DW10,1,360,7/16/2013 2:45,7/16/2013 10:50,8.083333333,8.08,44.53608247,45,Redfern Request 325
P,4676,PH4W6DW10,1,536,8/27/2013 2:10,8/27/2013 5:38,3.466666667,3.47,154.6153846,20,Redfern Request 325
P,4028,PH4W6DW11,1,308,7/2/2013 11:50,7/2/2013 18:45,6.916666667,6.92,44.53012048,45,Redfern Request 325
P,6456,PH4W6EF01,1,13,3/26/2014 11:07,3/26/2014 11:58,0.85,0.85,15.29411765,17,Redfern Request 325
P,5440,PH4W6EW04,2,544,10/23/2013 15:25,10/24/2013 5:10,13.75,13.75,39.56363636,40,Redfern Request 325
P,5267,PH4W6EW05,2,542,10/9/2013 4:26,10/9/2013 15:40,11.23333333,11.23,48.24925816,15,Redfern Request 325
P,4613,PH4W6EW08a,2,296,8/20/2013 23:30,8/21/2013 7:30,8,8,37,37,Redfern Request 325
P,4166,PH4W6EW10,1,679,7/12/2013 21:28,7/13/2013 10:06,12.63333333,12.63,53.74670185,54,Redfern Request 325
P,4029,PLEM01C01,2,828,7/2/2013 12:42,7/3/2013 12:15,23.55,23.55,35.15923567,35,Redfern Request 325
P,4700,PLEM01W08,1,272,8/28/2013 3:11,8/28/2013 14:35,11.4,11.4,23.85964912,24,Redfern Request 325
P,4630,PLEM01W09,1,368.5,8/21/2013 2:15,8/21/2013 2:30,0.25,0.25,1474,15,Redfern Request 325
P,5840,PLEM03C01,1,868,11/28/2013 18:45,11/29/2013 12:10,17.41666667,17.42,49.83732057,50,Redfern Request 325
P,5777,PLEM03C01,1,498.5,11/23/2013 8:45,11/23/2013 23:15,14.5,14.5,34.37931034,34,Redfern Request 325
P,5739,PLEM03C02,1,388,11/19/2013 4:15,11/19/2013 22:25,18.16666667,18.17,21.35779817,21,Redfern Request 325
P,Blank,PLEM03C03a,1,480,10/22/2014 3:10,10/22/2014 11:35,8.416666667,8.42,57.02970297,n.a,Redfern Request 325
P,5428,PLEM03C03c,1,86.5,10/22/2013 23:03,10/23/2013 3:48,4.75,4.75,18.21052632,18,Redfern Request 325
P,Blank,PLEM03C04b,1,212,10/28/2013 22:50,10/29/2013 10:45,11.91666667,11.92,17.79020979,n.a,Redfern Request 325
P,5248,PLEM03P302,1,80,10/8/2013 5:30,10/8/2013 10:04,4.566666667,4.57,17.51824818,14,Redfern Request 325
P,7543,PLEM03W09,1,336,7/3/2014 12:20,7/3/2014 23:25,11.08333333,11.08,30.31578947,30,Redfern Request 325
P,7250,PLEM03W10,2,426,6/11/2014 13:00,6/11/2014 22:05,9.083333333,9.08,46.89908257,47,Redfern Request 325
P,4873,PLEM04C01,1,305.5,9/10/2013 2:30,9/10/2013 14:20,11.83333333,11.83,25.81690141,Blank,Redfern Request 325
P,7793,PLEM04W11,1,313,7/18/2014 15:00,7/18/2014 22:48,7.8,7.8,40.12820513,40,Redfern Request 325
P,5673,PLEM05C01,1,811,11/14/2013 2:40,11/14/2013 22:15,19.58333333,19.58,41.41276596,41,Redfern Request 325
P,5523,PLEM05C02,1,413,10/30/2013 19:20,10/31/2013 4:00,8.666666667,8.67,47.65384615,48,Redfern Request 325
P,5349,PLEM05C03b,1,256,10/16/2013 9:00,10/16/2013 17:18,8.3,8.3,30.84337349,31,Redfern Request 325
P,4206,PLEM05F03,1,868,7/16/2013 4:55,7/17/2013 4:36,23.68333333,23.68,36.65024631,Blank,Redfern Request 325
P,7471,PLEM05W10,2,585,6/26/2014 14:55,6/27/2014 3:30,12.58333333,12.58,46.49006623,46,Redfern Request 325
P,7176,PLEM05W11,1,663,6/6/2014 9:10,6/7/2014 3:45,18.58333333,18.58,35.67713004,36,Redfern Request 325
P,7503,PLEM06C01,2,300,6/28/2014 17:00,6/28/2014 23:27,6.45,6.45,46.51162791,47,Redfern Request 325
P,7456,PLEM06C02,1,216,6/25/2014 15:03,6/25/2014 23:17,8.233333333,8.23,26.23481781,26,Redfern Request 325
P,5788,PLEM06C03b,2,117,11/25/2013 10:00,11/25/2013 18:39,8.65,8.65,13.52601156,14,Redfern Request 325
P,6428,PLEM06C03c,1,49.25,3/22/2014 9:22,3/22/2014 11:45,2.383333333,2.38,20.66433566,21,Redfern Request 325
P,5885,PLEM06C04a,1,216,12/4/2013 9:15,12/4/2013 17:30,8.25,8.25,26.18181818,26,Redfern Request 325
P,4480,PLEM06C04b,1,437,8/8/2013 2:45,8/8/2013 22:05,19.33333333,19.33,22.60344828,23,Redfern Request 325
P,7825,PLEM06W10,1,248,7/21/2014 10:00,7/21/2014 17:06,7.1,7.1,34.92957746,35,Redfern Request 325
P,6973,PLEM07C01,2,976,5/23/2014 14:00,5/24/2014 5:30,15.5,15.5,62.96774194,63,Redfern Request 325
P,6786,PLEM07C01,2,674,5/10/2014 8:20,5/10/2014 22:20,14,14,48.14285714,48,Redfern Request 325
P,6737,PLEM07C02,1,524,4/21/2014 11:30,4/22/2014 3:00,15.5,15.5,33.80645161,34,Redfern Request 325
P,Blank,PLEM07C03c,1,106.8,3/15/2014 8:35,3/15/2014 13:56,5.35,5.35,19.96261682,19.96,Redfern Request 325
P,5851,PLEM07C04a,1,488,11/29/2013 14:00,11/30/2013 6:00,16,16,30.5,31,Redfern Request 325
P,5695,PLEM07F02,1,769,11/15/2013 4:35,11/15/2013 23:20,18.75,18.75,41.01333333,41,Redfern Request 325
P,4019,PLEM07P201,1,29,7/1/2013 23:30,7/2/2013 5:28,5.966666667,5.97,4.860335196,5,Redfern Request 325
P,9334,PLEM07W01,1,119,10/22/2014 22:30,10/23/2014 10:00,11.5,11.5,10.34782609,Blank,Redfern Request 325
P,Blank,PLEM07W04,1,160,10/28/2013 3:35,10/28/2013 6:10,2.583333333,2.58,61.93548387,n.a,Redfern Request 325
P,7778,PLEM07W08,1,256,7/17/2014 19:49,7/18/2014 2:27,6.633333333,6.63,38.59296482,48,Redfern Request 325
P,7434,PLEM07W10,1,545,6/24/2014 21:20,6/25/2014 15:11,17.85,17.85,30.53221289,31,Redfern Request 325
P,7302,PLEM07W11,2,679,6/14/2014 16:00,6/15/2014 3:00,11,11,61.72727273,62,Redfern Request 325
P,7217,PLEM08W02,2,117,6/9/2014 20:50,,3.166666667,,36.94736842,n.a,Redfern Request 325
P,6941,PLEM08W03,1,138.5,5/21/2014 9:10,5/21/2014 15:15,6.083333333,6.08,22.76712329,23,Redfern Request 325
P,6578,PLEM08W05,1,160.5,4/5/2013 8:56,4/5/2013 14:49,5.883333333,5.88,27.28045326,14,Redfern Request 325
P,6412,PLEM08W06,2,199.5,3/21/2014 9:06,3/21/2014 16:41,7.583333333,7.58,26.30769231,26,Redfern Request 325
P,4225,PLEM09W02,1,116,7/18/2013 16:20,7/18/2013 23:49,7.483333333,7.48,15.50111359,16,Redfern Request 325
P,9137,PLEM10W01,1,49,10/9/2014 11:17,10/9/2014 13:34,2.283333333,2.28,21.45985401,21.49,Redfern Request 325
P,5690,PLEM12W03,1,134,11/15/2013 23:10,11/16/2013 5:03,5.883333333,5.88,22.77620397,23,Redfern Request 325
P,5620,PLEM12W04,1,152.5,11/9/2013 4:41,11/9/2013 13:09,8.466666667,8.47,18.01181102,18,Redfern Request 325
P,5504,PLEM12W05,2,255,,,5,,51,42,Redfern Request 325
P,Blank,PLEM13W02,1,114,10/19/2013 18:35,10/20/2013 0:10,5.583333333,5.58,20.41791045,n.a,Redfern Request 325
P,5209,PLEM13W04,Blank,140.5,10/7/2013 9:10,10/7/2013 18:10,9,9,15.61111111,4,Redfern Request 325
P,4636,PLEM13W07,1,229.25,8/22/2013 16:30,8/23/2013 4:30,12,12,19.10416667,19,Redfern Request 325
P,4431,PLEM13W09,1,343.5,8/5/2013 14:20,8/6/2013 6:10,15.83333333,15.83,21.69473684,22,Redfern Request 325
P,4312,PLEM13W10,1,414,7/25/2013 5:10,7/25/2013 21:10,16,16,25.875,26,Redfern Request 325
P,4901,PLEM14W02,1,120.5,9/12/2013 1:59,9/12/2013 6:30,4.516666667,4.52,26.67896679,27,Redfern Request 325
P,4648,PLEM14W04,1,160,8/23/2013 10:00,8/23/2013 21:00,11,11,14.54545455,15,Redfern Request 325
P,4365,PLEM14W06,1,219.5,7/30/2013 4:00,7/30/2013 13:03,9.05,9.05,24.25414365,24,Redfern Request 325
P,4189,PLEM14W07,1,201,7/15/2013 22:32,7/16/2013 5:06,6.566666667,6.57,30.60913706,31,Redfern Request 325
P,4049,PLEM14W08,1,248,7/3/2013 4:21,7/3/2013 13:15,8.9,8.9,27.86516854,28,Redfern Request 325
P,Blank,PLEM15W02,1,114,10/19/2013 18:25,10/20/2013 0:10,5.75,5.75,19.82608696,19,Redfern Request 325
P,4463,PLEM16C01,1,304,8/7/2013 19:16,8/8/2013 6:21,11.08333333,11.08,27.42857143,27,Redfern Request 325
P,4374,PLEM16C02,1,247.5,7/31/2013 20:05,8/1/2013 6:10,10.08333333,10.08,24.54545455,24,Redfern Request 325
P,7423,PLEM16W07,1,134,6/23/2014 23:27,6/24/2014 5:02,5.583333333,5.58,24,24,Redfern Request 325
P,6560,PLEM16W09,1,202,4/4/2014 8:35,4/4/2014 15:37,7.033333333,7.03,28.72037915,14,Redfern Request 325
P,Blank,PLEM16W10,1,264,3/15/2014 8:42,3/15/2014 13:42,5,5,52.8,52.8,Redfern Request 325
P,5374,PLEM17C01,1,576,10/17/2013 22:20,10/18/2013 10:08,11.8,11.8,48.81355932,49,Redfern Request 325
P,5327,PLEM17C02,1,400.5,10/14/2013 23:30,10/15/2013 6:22,6.866666667,6.87,58.32524272,58,Redfern Request 325
P,4685,PLEM17C04b,1,255.5,8/27/2013 18:51,8/28/2013 4:55,10.06666667,10.07,25.3807947,25,Redfern Request 325
P,7598,PLEM17W10,1,485.75,7/7/2014 17:30,7/8/2014 8:50,15.33333333,15.33,31.67934783,32,Redfern Request 325
P,6968,PLEM18C01,1,393,5/23/2014 8:15,5/23/2014 22:05,13.83333333,13.83,28.40963855,28,Redfern Request 325
P,6893,PLEM18C01,1,251,5/17/2014 8:40,5/17/2014 15:00,6.333333333,6.33,39.63157895,40,Redfern Request 325
P,6804,PLEM18C02,1,199,5/12/2014 9:53,5/12/2014 14:45,4.866666667,4.87,40.89041096,41,Redfern Request 325
P,5830,PLEM18C03a,1,184,11/27/2013 3:34,11/27/2013 12:45,9.183333333,9.18,20.03629764,20,Redfern Request 325
P,5642,PLEM18C04a,1,216,11/12/2013 21:34,11/13/2013 4:51,7.283333333,7.28,29.65675057,30,Redfern Request 325
P,9778,PLEM18W01,1,36,1/24/2014 2:21,1/24/2014 5:15,2.9,2.9,12.4137931,12,Redfern Request 325
P,7020,PLEM18W11,2,305.5,5/27/2014 17:40,5/28/2014 16:30,22.83333333,22.83,13.37956204,13,Redfern Request 325
P,6437,PLEM19C01,2,816,3/24/2014 14:25,3/25/2014 1:43,11.3,11.3,72.21238938,72,Redfern Request 325
P,Blank,PLEM19C01,2,556,3/13/2014 9:42,3/13/2014 15:58,6.266666667,6.27,88.72340426,88.72,Redfern Request 325
P,6125,PLEM19C02,2,436,2/24/2014 9:20,2/24/2014 15:57,6.616666667,6.62,65.89420655,66,Redfern Request 325
P,5709,PLEM19C04a,1,550,11/18/2013 10:57,11/19/2013 0:14,13.28333333,13.28,41.40526976,42,Redfern Request 325
P,5805,PLEM19C04b,1,253,11/25/2013 4:51,11/25/2013 20:05,15.23333333,15.23,16.6083151,16,Redfern Request 325
P,Blank,PLEM19F02,2,784,10/28/2013 20:10,10/29/2013 11:45,15.58333333,15.58,50.31016043,n.a,Redfern Request 325
P,7267,PLEM19W09,1,437,6/12/2014 12:18,6/12/2014 23:20,11.03333333,11.03,39.60725076,40,Redfern Request 325
P,6753,PLEM19W11,2,625,4/22/2014 10:30,4/22/2014 22:30,12,12,52.08333333,52,Redfern Request 325
P,5449,PLEM20C03a,1,384,10/23/2013 3:10,10/23/2013 23:00,19.83333333,19.83,19.36134454,19,Redfern Request 325
P,Blank,PLEM20C03b,1,172,11/21/2013 15:42,11/21/2013 23:10,7.466666667,7.47,23.03571429,n.a,Redfern Request 325
P,5503,PLEM20C03c,1,96.75,10/29/2013 2:50,10/29/2013 7:20,4.5,4.5,21.5,22,Redfern Request 325
P,5293,PLEM20C04a,1,616,10/11/2013 21:35,10/12/2013 13:35,16,16,38.5,39,Redfern Request 325
P,Blank,PLEM20C04b,1,181,11/14/2013 18:40,11/15/2013 4:15,9.583333333,9.58,18.88695652,19,Redfern Request 325
P,7195,PLEM20W05,2,159,6/7/2014 11:50,6/7/2014 18:35,6.75,6.75,23.55555556,24,Redfern Request 325
P,7048,PLEM20W06,1,199,5/29/2014 8:40,5/29/2014 16:51,8.183333333,8.18,24.31771894,24,Redfern Request 325
P,6920,PLEM20W07,1,194,5/20/2014 8:45,5/20/2014 19:30,10.75,10.75,18.04651163,18,Redfern Request 325
P,6806,PLEM20W08,1,235,5/12/2014 10:30,5/12/2014 21:00,10.5,10.5,22.38095238,22,Redfern Request 325
P,6702,PLEM20W09,2,352,4/16/2014 8:25,4/16/2014 17:29,9.066666667,9.07,38.82352941,39,Redfern Request 325
P,6594,PLEM20W10,1,379,4/7/2014 9:20,4/7/2014 20:10,10.83333333,10.83,34.98461538,17,Redfern Request 325
P,6510,PLEM20W11,1,478,4/1/2014 9:00,4/1/2014 20:46,11.76666667,11.77,40.62322946,20,Redfern Request 325
P,6466,PLEM21C01,3,594.25,3/27/2014 8:30,3/27/2014 18:00,9.5,9.5,62.55263158,63,Redfern Request 325
P,6380,PLEM21C01,3,404,3/18/2014 9:07,3/18/2014 18:15,9.133333333,9.13,44.23357664,44,Redfern Request 325
P,Blank,PLEM21C02,1,424,3/12/2014 9:15,3/12/2014 17:34,8.316666667,8.32,50.98196393,50.98,Redfern Request 325
P,7449,PLEM21W09,2,353.75,6/25/2014 9:58,6/25/2014 16:10,6.2,6.2,57.05645161,57,Redfern Request 325
P,7318,PLEM21W10,1,399,6/16/2014 0:20,6/16/2014 16:03,15.71666667,15.72,25.38706257,25,Redfern Request 325
P,6862,PLEM21W11,2,488,5/15/2014 8:26,5/15/2014 15:30,7.066666667,7.07,69.05660377,69,Redfern Request 325
P,4147,PLEM22C04.1,1,776,7/11/2013 22:25,7/11/2013 23:11,0.766666667,0.77,1012.173913,31,Redfern Request 325
P,4147,PLEM22C03.1,1,776,7/11/2013 22:25,7/11/2013 23:11,0.766666667,0.77,1012.173913,31,Redfern Request 325
P,4147,PLEM22F02a,1,776,7/11/2013 22:25,7/11/2013 23:11,0.766666667,0.77,1012.173913,31,Redfern Request 325
P,4147,PLEM22F01a,1,776,7/11/2013 22:25,7/11/2013 23:11,0.766666667,0.77,1012.173913,31,Redfern Request 325
P,5793,PLEM22C07a,1,99,11/25/2013 11:52,11/25/2013 16:08,4.266666667,4.27,23.203125,23,Redfern Request 325
P,5793,PLEM22C06a,1,99,11/25/2013 11:52,11/25/2013 16:08,4.266666667,4.27,23.203125,23,Redfern Request 325
P,4311,PLEM22F01b,2,417,7/25/2013 4:33,7/25/2013 5:36,1.05,1.05,397.1428571,17,Redfern Request 325
P,4073,PLEM22F02b,1,755,7/5/2013 20:18,7/6/2013 11:40,15.36666667,15.37,49.13232104,49,Redfern Request 325
P,7382,PLEM22W06,1,212.25,6/20/2014 15:00,6/20/2014 22:06,7.1,7.1,29.8943662,30,Redfern Request 325
P,7296,PLEM22W07,1,199,6/13/2014 4:00,6/13/2014 15:18,11.3,11.3,17.61061947,18,Redfern Request 325
P,7165,PLEM22W08,1,248,6/5/2014 16:35,6/6/2014 3:15,10.66666667,10.67,23.25,23,Redfern Request 325
P,7051,PLEM22W09,1,352,5/29/2014 11:05,5/30/2014 1:44,14.65,14.65,24.02730375,24,Redfern Request 325
P,6930,PLEM22W10,2,410,5/20/2014 16:15,5/21/2014 0:45,8.5,8.5,48.23529412,48,Redfern Request 325
P,6642,PLEM22W11,2,480,4/11/2014 10:45,4/11/2014 20:40,9.916666667,9.92,48.40336134,14,Redfern Request 325
P,5813,PLEM23C04b,2,1296,11/26/2013 1:20,11/26/2013 23:20,22,22,58.90909091,59,Redfern Request 325
P,5733,PLEM23C05,1,280,11/19/2013 2:47,11/19/2013 13:45,10.96666667,10.97,25.53191489,26,Redfern Request 325
P,5195,PLEM23F01.1,1,316,10/4/2013 0:51,10/4/2013 11:50,10.98333333,10.98,28.77086495,29,Redfern Request 325
P,5667,PLEM23F02a,1,504,11/14/2013 8:36,11/15/2013 1:27,16.85,16.85,29.91097923,30,Redfern Request 325
P,5667,PLEM23F01a,1,504,11/14/2013 8:36,11/15/2013 1:27,16.85,16.85,29.91097923,30,Redfern Request 325
P,Blank,PLEM23F03b,1,55,10/14/2013 10:45,10/14/2013 16:00,5.25,5.25,10.47619048,n.a,Redfern Request 325
P,4886,PLEM23F05a,1,86.5,9/11/2013 0:15,9/11/2013 6:20,6.083333333,6.08,14.21917808,14,Redfern Request 325
P,4886,PLEM23F04a,1,86.5,9/11/2013 0:15,9/11/2013 6:20,6.083333333,6.08,14.21917808,14,Redfern Request 325
P,6995,PLEM23W04,1,182,5/26/2014 9:33,5/26/2014 20:04,10.51666667,10.52,17.30586371,17,Redfern Request 325
P,6843,PLEM23W05,1,189,5/14/2014 9:20,5/14/2014 19:35,10.25,10.25,18.43902439,18,Redfern Request 325
P,6768,PLEM23W06,2,251.5,5/8/2014 19:50,5/9/2014 2:25,6.583333333,6.58,38.20253165,38,Redfern Request 325
P,6579,PLEM23W07,1,238,4/5/2014 9:02,4/5/2014 17:58,8.933333333,8.93,26.64179104,13,Redfern Request 325
P,Blank,PLEM23W08,2,285,3/31/2014 13:25,4/1/2014 1:01,11.6,11.6,24.56896552,24.57,Redfern Request 325
P,6427,PLEM23W09,2,384,3/22/2014 9:09,3/22/2014 18:37,9.466666667,9.47,40.56338028,41,Redfern Request 325
P,Blank,PLEM23W10,2,476,3/14/2014 8:40,3/14/2014 15:51,7.183333333,7.18,66.26450116,66.26,Redfern Request 325
P,4601,PLWM01C01,1,505,8/19/2013 18:31,8/19/2013 22:00,3.483333333,3.48,144.9760766,18,Redfern Request 325
P,7042,PLWM01W02,1,120.5,5/28/2014 21:35,5/29/2014 4:24,6.816666667,6.82,17.67726161,18,Redfern Request 325
P,6922,PLWM01W03,1,148.25,5/20/2014 9:00,5/20/2014 15:05,6.083333333,6.08,24.36986301,24,Redfern Request 325
P,6740,PLWM01W04,1,169.5,4/22/2014 9:44,4/22/2014 15:28,5.733333333,5.73,29.56395349,30,Redfern Request 325
P,6595,PLWM01W05,1,183,4/7/2014 10:55,4/7/2014 16:45,5.833333333,5.83,31.37142857,16,Redfern Request 325
P,6513,PLWM01W06,2,248,4/1/2014 9:25,4/2/2014 1:06,15.68333333,15.68,15.81296493,8,Redfern Request 325
P,Blank,PLWM01W07,1,233,3/15/2014 9:20,3/15/2014 15:05,5.75,5.75,40.52173913,40.52,Redfern Request 325
P,5520,PLWM02W05,1,178.75,10/30/2013 18:35,10/31/2013 1:30,6.916666667,6.92,25.84337349,26,Redfern Request 325
P,5437,PLWM02W06,1,215,10/23/2013 8:20,10/23/2013 16:00,7.666666667,7.67,28.04347826,28,Redfern Request 325
P,4848,PLWM02W09,1,350,9/9/2013 14:35,9/10/2013 5:20,14.75,14.75,23.72881356,24,Redfern Request 325
P,4697,PLWM02W10,1,412.75,8/28/2013 9:20,8/28/2013 22:15,12.91666667,12.92,31.95483871,32,Redfern Request 325
P,Blank,PLWM04C04a,1,52,10/17/2013 3:43,10/17/2013 5:12,1.483333333,1.48,35.05617978,n.a,Redfern Request 325
P,6525,PLWM06C01,1,434,4/2/2014 8:40,4/2/2014 17:29,8.816666667,8.82,49.22495274,25,Redfern Request 325
P,6488,PLWM06C01,2,240,3/29/2014 9:11,3/29/2014 15:36,6.416666667,6.42,37.4025974,37,Redfern Request 325
P,6465,PLWM06C02,1,247,3/27/2014 8:20,3/27/2014 17:00,8.666666667,8.67,28.5,28,Redfern Request 325
P,Blank,PLWM06C03a,1,223,10/30/2013 4:30,10/30/2013 13:40,9.166666667,9.17,24.32727273,n.a,Redfern Request 325
P,5768,PLWM06C03c,1,48,11/22/2013 17:15,11/23/2013 0:20,7.083333333,7.08,6.776470588,7,Redfern Request 325
P,5211,PLWM06C04a,1,216,10/7/2013 9:45,10/7/2013 21:25,11.66666667,11.67,18.51428571,19,Redfern Request 325
P,5373,PLWM06C04b,1,128,10/17/2013 21:40,10/18/2013 4:00,6.333333333,6.33,20.21052632,20,Redfern Request 325
P,4852,PLWM06F03,1,600,9/9/2013 17:35,9/10/2013 7:00,13.41666667,13.42,44.72049689,45,Redfern Request 325
P,4852,PLWM06F02,1,600,9/9/2013 17:35,9/10/2013 7:00,13.41666667,13.42,44.72049689,45,Redfern Request 325
P,7490,PLWM06W02,1,79,6/27/2014 18:35,6/27/2014 22:10,3.583333333,3.58,22.04651163,22,Redfern Request 325
P,7410,PLWM06W03,1,82.5,6/23/2014 9:00,6/23/2014 12:39,3.65,3.65,22.60273973,23,Redfern Request 325
P,7257,PLWM06W04,1,94,6/11/2014 23:06,6/12/2014 2:40,3.566666667,3.57,26.35514019,26,Redfern Request 325
P,7140,PLWM06W05,1,103,6/4/2014 8:23,6/5/2014 1:45,17.36666667,17.37,5.930902111,6,Redfern Request 325
P,7069,PLWM06W06,1,133,5/30/2014 11:21,5/30/2014 15:55,4.566666667,4.57,29.12408759,29,Redfern Request 325
P,7021,PLWM06W07,1,113,5/27/2014 18:30,5/27/2014 22:30,4,4,28.25,28,Redfern Request 325
P,6989,PLWM06W08,1,151,5/24/2014 18:20,5/24/2014 23:00,4.666666667,4.67,32.35714286,32,Redfern Request 325
P,6896,PLWM06W09,1,191,5/17/2014 12:00,5/17/2014 18:10,6.166666667,6.17,30.97297297,31,Redfern Request 325
P,6780,PLWM06W10,2,222,5/9/2014 20:40,5/10/2014 6:20,9.666666667,9.67,22.96551724,23,Redfern Request 325
P,6703,PLWM06W11,1,284,4/16/2014 8:30,4/16/2014 17:32,9.033333333,9.03,31.43911439,31,Redfern Request 325
P,Blank,PLWM07C01,3,976,3/7/2014 7:42,3/7/2014 16:17,8.583333333,8.58,113.7087379,113.71,Redfern Request 325
P,Blank,PLWM07C01,3,976,3/7/2014 7:42,3/7/2014 16:17,8.583333333,8.58,113.7087379,113.71,Redfern Request 325
P,Blank,PLWM07C03a,1,532,10/28/2013 15:20,10/29/2013 4:45,13.41666667,13.42,39.65217391,n.a,Redfern Request 325
P,5646,PLWM07C03c,1,113.5,11/12/2013 5:05,11/12/2013 10:05,5,5,22.7,23,Redfern Request 325
P,5222,PLWM07F01,1,1118,10/7/2013 0:01,10/7/2013 20:58,20.95,20.95,53.36515513,53,Redfern Request 325
P,7602,PLWM07W03,1,386,7/7/2014 0:00,7/7/2014 12:16,12.26666667,12.27,31.4673913,31,Redfern Request 325
P,7487,PLWM07W04,1,206.5,6/27/2014 16:08,6/27/2014 22:20,6.2,6.2,33.30645161,33,Redfern Request 325
P,7369,PLWM07W05,1,224,6/19/2014 0:29,6/19/2014 10:59,10.5,10.5,21.33333333,21,Redfern Request 325
P,7209,PLWM07W06,1,266.5,6/9/2014 9:44,6/9/2014 20:39,10.91666667,10.92,24.41221374,24,Redfern Request 325
P,6970,PLWM07W07,1,260,5/23/2014 9:15,5/23/2014 19:15,10,10,26,26,Redfern Request 325
P,6865,PLWM07W08,1,320,5/15/2014 10:40,5/16/2014 0:15,13.58333333,13.58,23.55828221,24,Redfern Request 325
P,6719,PLWM07W09,1,456,4/17/2014 8:25,4/17/2014 19:10,10.75,10.75,42.41860465,42,Redfern Request 325
P,6619,PLWM07W10,1,491,4/9/2014 9:45,4/9/2014 22:05,12.33333333,12.33,39.81081081,22,Redfern Request 325
P,6484,PLWM07W11,3,635,3/29/2014 8:30,3/29/2014 18:07,9.616666667,9.62,66.03119584,66,Redfern Request 325
P,4328,PLWM08C01,2,596.75,7/26/2013 2:10,7/26/2013 20:22,18.2,18.2,32.78846154,33,Redfern Request 325
P,4085,PLWM08C01,1,400,7/6/2013 16:42,7/7/2013 5:15,12.55,12.55,31.87250996,32,Redfern Request 325
P,7343,PLWM08W02,1,135.5,6/18/2014 10:15,6/18/2014 14:45,4.5,4.5,30.11111111,30,Redfern Request 325
P,7084,PLWM08W03,1,153,5/31/2014 8:25,5/31/2014 14:00,5.583333333,5.58,27.40298507,27,Redfern Request 325
P,6962,PLWM08W04,1,160.5,5/22/2014 22:40,5/23/2014 4:15,5.583333333,5.58,28.74626866,29,Redfern Request 325
P,6812,PLWM08W05,1,151.5,5/12/2014 19:30,5/13/2014 4:50,9.333333333,9.33,16.23214286,16,Redfern Request 325
P,6563,PLWM08W06,1,197.5,4/4/2014 9:27,4/4/2014 17:20,7.883333333,7.88,25.05285412,13,Redfern Request 325
P,5836,PLWM08W11,1,476,11/20/2013 11:00,11/21/2013 2:40,15.66666667,15.67,30.38297872,30,Redfern Request 325
P,4332,PLWM09W02,1,120,7/27/2013 11:42,7/27/2013 15:30,3.8,3.8,31.57894737,32,Redfern Request 325
P,4128,PLWM09W04,1,160,7/10/2013 15:02,7/10/2013 22:58,7.933333333,7.93,20.16806723,20,Redfern Request 325
P,5871,PLWM12W05,1,176,12/3/2013 10:30,12/3/2013 14:39,4.15,4.15,42.40963855,42,Redfern Request 325
P,5766,PLWM12W06,1,216,11/22/2013 10:52,11/22/2013 23:50,12.96666667,12.97,16.65809769,17,Redfern Request 325
P,5632,PLWM12W07,1,0,11/9/2013 21:15,11/10/2013 1:20,4.083333333,4.08,0,50,Redfern Request 325
P,5505,PLWM12W08,2,255,10/29/2013 10:20,10/29/2013 20:30,10.16666667,10.17,25.08196721,25,Redfern Request 325
P,4195,PLWM12W09,1,325.5,7/16/2013 6:45,7/16/2013 21:15,14.5,14.5,22.44827586,22,Redfern Request 325
P,4098,PLWM12W10,1,420,7/8/2013 12:56,7/9/2013 2:07,13.18333333,13.18,31.85840708,32,Redfern Request 325
P,5657,PLWM13W03,1,140,11/13/2013 21:56,11/14/2013 3:23,5.45,5.45,25.68807339,26,Redfern Request 325
P,5209,PLWM13W04,Blank,140.5,10/7/2013 9:10,10/7/2013 18:10,9,9,15.61111111,4,Redfern Request 325
P,5410,PLWM13W05,1,178,10/21/2013 11:35,10/21/2013 20:20,8.75,8.75,20.34285714,5,Redfern Request 325
P,5423,PLWM14W02,1,128.5,10/22/2013 14:55,10/22/2013 21:38,6.716666667,6.72,19.13151365,36,Redfern Request 325
P,5277,PLWM14W03,1,136.5,10/10/2013 19:48,10/11/2013 0:36,4.8,4.8,28.4375,28,Redfern Request 325
P,4357,PLWM14W09,1,357.8,7/30/2013 14:38,7/31/2013 10:35,19.95,19.95,17.93483709,18,Redfern Request 325
P,4088,PLWM14W10,1,424,7/6/2013 19:00,7/7/2013 4:30,9.5,9.5,44.63157895,45,Redfern Request 325
P,5596,PLWM16W02,1,144,11/8/2013 1:45,11/8/2013 11:50,10.08333333,10.08,14.28099174,14,Redfern Request 325
P,5481,PLWM16W03,1,152.5,10/26/2013 20:05,10/27/2013 1:05,5,5,30.5,30,Redfern Request 325
P,5364,PLWM16W04,1,140,10/16/2013 3:55,10/16/2013 11:30,7.583333333,7.58,18.46153846,18,Redfern Request 325
P,7003,PLWM16W08,1,166,5/26/2014 15:20,5/26/2014 19:00,3.666666667,3.67,45.27272727,45,Redfern Request 325
P,4299,PLWM16W11,1,472,7/25/2013 9:12,7/25/2013 23:30,14.3,14.3,33.00699301,33,Redfern Request 325
P,7734,PLWM17W02,1,115,7/15/2014 15:23,7/15/2014 20:16,4.883333333,4.88,23.54948805,24,Redfern Request 325
P,7597,PLWM17W03,1,125,7/8/2014 8:20,7/8/2014 13:15,4.916666667,4.92,25.42372881,25,Redfern Request 325
P,6719,PLWM17W09,1,456,4/17/2014 8:25,4/17/2014 19:10,10.75,10.75,42.41860465,42,Redfern Request 325
P,6512,PLWM18W02,1,80.5,4/1/2014 9:07,4/1/2014 12:20,3.216666667,3.22,25.02590674,13,Redfern Request 325
P,6405,PLWM18W03,1,82.5,3/20/2014 9:01,3/20/2014 12:51,3.833333333,3.83,21.52173913,22,Redfern Request 325
P,5872,PLWM18W10,1,256,12/3/2013 10:32,12/3/2013 23:40,13.13333333,13.13,19.49238579,19,Redfern Request 325
P,5900,PLWM19C01,1,688,12/4/2013 3:30,12/4/2013 5:14,1.733333333,1.73,396.9230769,27,Redfern Request 325
P,5368,PLWM19C03a,1,468.5,10/17/2013 14:25,10/18/2013 10:20,19.91666667,19.92,23.52301255,11,Redfern Request 325
P,5700,PLWM19C03b,1,272,11/16/2013 13:10,11/17/2013 1:10,12,12,22.66666667,23,Redfern Request 325
P,5609,PLWM19C03c,1,112,11/8/2013 21:00,11/9/2013 3:45,6.75,6.75,16.59259259,17,Redfern Request 325
P,Blank,PLWM19C04c,1,128.5,10/21/2013 21:05,10/22/2013 3:30,6.416666667,6.42,20.02597403,n.a,Redfern Request 325
P,7004,PLWM19W02,1,184,5/26/2014 16:50,5/26/2014 23:22,6.533333333,6.53,28.16326531,28,Redfern Request 325
P,6906,PLWM19W03,1,206,5/19/2014 9:50,5/19/2014 19:30,9.666666667,9.67,21.31034483,21,Redfern Request 325
P,6760,PLWM19W04,1,196,4/22/2014 16:47,4/22/2014 23:45,6.966666667,6.97,28.13397129,28,Redfern Request 325
P,6542,PLWM19W05,1,200,4/3/2014 8:45,4/3/2014 15:03,6.3,6.3,31.74603175,16,Redfern Request 325
P,6453,PLWM19W06,1,256,3/26/2014 9:10,3/26/2014 16:57,7.783333333,7.78,32.89079229,32,Redfern Request 325
P,Blank,PLWM19W07,1,256,3/13/2014 9:37,3/13/2014 14:44,5.116666667,5.12,50.03257329,50.03,Redfern Request 325
P,Blank,PLWM19W08,2,304,2/22/2014 8:27,2/22/2014 12:15,3.8,3.8,80,80,Redfern Request 325
P,7228,PLWM20W02,1,138,6/10/2014 14:58,6/10/2014 20:10,5.2,5.2,26.53846154,26,Redfern Request 325
P,4386,PLWM20W05,1,161,8/1/2013 9:35,8/1/2013 15:40,6.083333333,6.08,26.46575342,26,Redfern Request 325
P,7506,PLWM21W02,1,118,6/28/2014 17:54,6/28/2014 22:20,4.433333333,4.43,26.61654135,27,Redfern Request 325
P,6369,PLWM21W03,1,145.5,3/17/2014 15:20,3/17/2014 19:57,4.616666667,4.62,31.51624549,15,Redfern Request 325
P,7326,PLWM22W02,1,121,6/17/2014 9:07,6/17/2014 13:45,4.633333333,4.63,26.11510791,26,Redfern Request 325
P,4179,PLWM22W05,1,176,7/13/2013 20:40,7/14/2013 1:40,5,5,35.2,35,Redfern Request 325
P,9779,PLWM23W01,1,64.5,11/24/2014 4:18,11/24/2014 10:15,5.95,5.95,10.84033613,11,Redfern Request 325
P,5804,PLWM23W04,1,179,11/25/2013 4:03,11/25/2013 14:56,10.88333333,10.88,16.44716692,16,Redfern Request 325
P,N.A.,PLWM23W05,2,200,11/15/2013 19:57,11/16/2013 3:05,7.133333333,7.13,28.03738318,28,Redfern Request 325
P,Blank,PLWM23W06,1,240,10/31/2013 5:30,10/31/2013 17:15,11.75,11.75,20.42553191,n.a,Redfern Request 325
P,5446,PLWM23W07,1,232,10/23/2013 0:20,10/23/2013 15:00,14.66666667,14.67,15.81818182,16,Redfern Request 325
P,5262,PLWM23W08,1,284,10/9/2013 18:39,10/9/2013 22:47,4.133333333,4.13,68.70967742,10,Redfern Request 325
P,5366,PMEM01W02,1,88,10/17/2013 11:00,10/17/2013 15:25,4.416666667,4.42,19.9245283,20,Redfern Request 325
P,9757,PMEM02W01,1,66,11/21/2014 3:25,11/21/2014 9:14,5.816666667,5.82,11.34670487,11,Redfern Request 325
P,5431,PMEM02W03b,1,152,10/22/2013 2:42,10/22/2013 10:35,7.883333333,7.88,19.28118393,19,Redfern Request 325
P,4307,PMEM02W07,1,380,7/25/2013 23:05,7/26/2013 12:27,13.36666667,13.37,28.42892768,28,Redfern Request 325
P,Blank,PMEM03W05,1,288,12/19/2013 3:34,12/20/2013 2:40,23.1,23.1,12.46753247,Blank,Redfern Request 325
P,4132,PMEM03W06,1,297,7/10/2013 22:44,7/11/2013 11:19,12.58333333,12.58,23.60264901,24,Redfern Request 325
P,5904,PMEM04W02,1,104,12/4/2013 5:35,12/4/2013 13:30,7.916666667,7.92,13.13684211,13,Redfern Request 325
P,5810,PMEM04W03a,1,138,11/26/2013 15:21,11/26/2013 22:55,7.566666667,7.57,18.23788546,18,Redfern Request 325
P,5810,PMEM04W03b,1,138,11/26/2013 15:21,11/26/2013 22:55,7.566666667,7.57,18.23788546,18,Redfern Request 325
P,5699,PMEM04W04,1,160,11/16/2013 11:30,11/16/2013 16:34,5.066666667,5.07,31.57894737,32,Redfern Request 325
P,5598,PMEM04W05,1,170,11/7/2013 2:05,11/7/2013 9:30,7.416666667,7.42,22.92134831,23,Redfern Request 325
P,4867,PMEM04W07,1,213,9/10/2013 14:50,9/11/2013 1:50,11,11,19.36363636,19,Redfern Request 325
P,4701,PMEM04W08,1,259,8/28/2013 16:46,8/29/2013 4:31,11.75,11.75,22.04255319,22,Redfern Request 325
P,9130,PMEM05W01,1,32,10/9/2014 5:47,10/9/2014 10:05,4.3,4.3,7.441860465,7.44,Redfern Request 325
P,7247,PMEM06W02,1,112,6/11/2014 10:50,6/11/2014 15:12,4.366666667,4.37,25.64885496,26,Redfern Request 325
P,7047,PMEM06W03a,1,126,5/29/2014 8:15,5/29/2014 14:55,6.666666667,6.67,18.9,19,Redfern Request 325
P,7047,PMEM06W03b,1,126,5/29/2014 8:15,5/29/2014 14:55,6.666666667,6.67,18.9,19,Redfern Request 325
P,6592,PMEM06W04,1,136,4/7/2014 8:50,4/7/2014 13:20,4.5,4.5,30.22222222,15,Redfern Request 325
P,6422,PMEM06W05,Blank,164.5,3/22/2014 7:45,3/22/2014 12:44,4.983333333,4.98,33.01003344,33,Redfern Request 325
P,4643,PMEM06W07,Blank,206.5,8/22/2013 23:55,8/23/2013 16:30,16.58333333,16.58,12.45226131,12,Redfern Request 325
P,4391,PMEM06W08,1,256,8/1/2013 12:45,8/2/2013 0:50,12.08333333,12.08,21.1862069,21,Redfern Request 325
P,4184,PMEM06W09,1,302,7/15/2013 11:54,7/15/2013 12:50,0.933333333,0.93,323.5714286,12,Redfern Request 325
P,7180,PMEM07C01,2,965.25,6/6/2014 15:00,6/7/2014 9:00,18,18,53.625,54,Redfern Request 325
P,Blank,PMEM07C01,Blank,30.5,3/10/2014 8:55,3/10/2014 10:15,1.333333333,1.33,22.875,22.88,Redfern Request 325
P,7086,PMEM07C01,2,559.5,5/31/2014 9:45,5/31/2014 21:00,11.25,11.25,49.73333333,50,Redfern Request 325
P,7035,PMEM07C02,1,444.75,5/28/2014 16:20,5/29/2014 3:15,10.91666667,10.92,40.74045802,41,Redfern Request 325
P,Blank,PMEM07C03a,1,277,3/12/2014 8:36,3/12/2014 19:35,10.98333333,10.98,25.22003035,25.22,Redfern Request 325
P,6750,PMEM07C03b,1,263.5,4/22/2014 9:49,4/22/2014 21:28,11.65,11.65,22.61802575,23,Redfern Request 325
P,Blank,PMEM07C03c,1,108.5,4/16/2014 8:10,4/16/2014 12:10,4,4,27.125,27,Redfern Request 325
P,6486,PMEM07C04b,2,219,3/29/2014 8:53,3/29/2014 13:15,4.366666667,4.37,50.15267176,50,Redfern Request 325
P,Blank,PMEM07C04c,2,125,3/28/2014 8:34,3/28/2014 14:03,5.483333333,5.48,22.79635258,22.8,Redfern Request 325
P,Blank,PMEM07F01,Blank,0,10/21/2013 18:48,10/21/2013 23:40,4.866666667,4.87,0,1088,Redfern Request 325
P,7882,PMEM07W06,1,346,7/24/2014 14:00,7/24/2014 21:00,7,7,49.42857143,49,Redfern Request 325
P,7394,PMEM07W09,2,652,6/21/2014 7:30,6/21/2014 18:30,11,11,59.27272727,59,Redfern Request 325
P,5699,PMEM08W02,1,118,11/16/2013 13:09,11/16/2013 18:05,4.933333333,4.93,23.91891892,24,Redfern Request 325
P,4778,PMEM08W05,1,260,9/3/2013 20:49,9/4/2013 4:08,7.316666667,7.32,35.53530752,36,Redfern Request 325
P,5816,PMEM09W06,1,280.5,11/26/2013 3:34,11/26/2013 14:58,11.4,11.4,24.60526316,25,Redfern Request 325
P,5760,PMEM10W04,1,213,11/21/2013 0:20,11/21/2013 13:15,12.91666667,12.92,16.49032258,16,Redfern Request 325
P,5626,PMEM10W05,1,282,11/9/2013 18:35,11/10/2013 15:00,20.41666667,20.42,13.8122449,14,Redfern Request 325
P,5450,PMEM10W06,1,305,10/23/2013 3:24,10/23/2013 15:20,11.93333333,11.93,25.55865922,26,Redfern Request 325
P,6309,PMEM11W02,1,69,3/10/2014 11:00,3/10/2014 13:50,2.833333333,2.83,24.35294118,Blank,Redfern Request 325
P,Blank,PMEM11W03a,1,96.5,2/26/2014 8:31,2/26/2014 12:20,3.816666667,3.82,25.28384279,25.28,Redfern Request 325
P,Blank,PMEM11W03b,1,96.5,2/26/2014 8:31,2/26/2014 12:20,3.816666667,3.82,25.28384279,25.28,Redfern Request 325
P,Blank,PMEM12W03a,1,192,11/2/2013 16:00,11/2/2013 19:50,3.833333333,3.83,50.08695652,50,Redfern Request 325
P,Blank,PMEM12W03b,1,192,11/2/2013 16:00,11/2/2013 19:50,3.833333333,3.83,50.08695652,50,Redfern Request 325
P,4749,PMEM12W07,1,336,8/31/2013 18:00,9/1/2013 2:47,8.783333333,8.78,38.25426945,38,Redfern Request 325
P,4136,PMEM12W08,1,418,7/10/2013 4:25,7/10/2013 15:02,10.61666667,10.62,39.37205651,39,Redfern Request 325
P,4037,PMEM12W09,1,496,7/2/2013 4:57,7/2/2013 21:36,16.65,16.65,29.78978979,30,Redfern Request 325
P,5830,PMEM13W04,1,184,8/27/2013 3:34,8/27/2013 12:45,9.183333333,9.18,20.03629764,20,Redfern Request 325
P,4254,PMEM13W05,1,290,7/20/2013 17:15,7/20/2013 23:02,5.783333333,5.78,50.14409222,50,Redfern Request 325
P,4064,PMEM13W06,1,297,7/4/2013 2:00,7/4/2013 9:28,7.466666667,7.47,39.77678571,40,Redfern Request 325
P,5659,PMEM14W02,1,168,11/13/2013 0:40,11/13/2013 10:35,9.916666667,9.92,16.94117647,5,Redfern Request 325
P,Blank,PMEM14W03b,1,221,10/28/2013 0:01,10/28/2013 18:40,18.65,18.65,11.84986595,n.a,Redfern Request 325
P,5278,PMEM14W04,1,260,10/10/2013 20:29,10/11/2013 14:25,17.93333333,17.93,14.49814126,6,Redfern Request 325
P,4494,PMEM14W08,1,264,8/9/2014 22:04,8/10/2014 6:12,8.133333333,8.13,32.45901639,32,Redfern Request 325
P,4377,PMEM14W09,2,502,7/31/2013 23:40,8/1/2013 13:56,14.26666667,14.27,35.18691589,35,Redfern Request 325
P,4286,PMEM15W07,1,256,7/24/2013 18:25,7/25/2013 3:25,9,9,28.44444444,28,Redfern Request 325
P,4102,PMEM15W08,1,332,7/8/2013 4:25,7/9/2013 0:42,20.28333333,20.28,16.36811832,16,Redfern Request 325
P,6983,PMEM17C01,2,815,5/24/2014 8:00,5/24/2014 21:30,13.5,13.5,60.37037037,60,Redfern Request 325
P,6891,PMEM17C01,2,499.25,5/17/2014 8:00,5/17/2014 19:40,11.66666667,11.67,42.79285714,43,Redfern Request 325
P,6839,PMEM17C02,2,476.5,5/14/2014 7:30,5/14/2014 22:55,15.41666667,15.42,30.90810811,31,Redfern Request 325
P,6508,PMEM17C03a,1,207,4/1/2014 8:32,4/1/2014 17:30,8.966666667,8.97,23.08550186,12,Redfern Request 325
P,6432,PMEM17C03b,Blank,282,3/24/2014 9:02,3/24/2014 19:38,10.6,10.6,26.60377358,27,Redfern Request 325
P,6630,PMEM17C03c,1,113,4/11/2014 8:44,4/11/2014 13:06,4.366666667,4.37,25.8778626,26,Redfern Request 325
P,Blank,PMEM17C04a,1,242.5,2/27/2014 8:26,2/27/2014 16:04,7.633333333,7.63,31.76855895,31.77,Redfern Request 325
P,Blank,PMEM17C04c,1,125.5,3/14/2014 9:37,3/14/2014 15:15,5.633333333,5.63,22.27810651,22.28,Redfern Request 325
P,4679,PMEM17F01,1,29,8/26/2013 4:25,8/26/2013 4:45,0.333333333,0.33,87,87,Redfern Request 325
P,4211,PMEM17F03,1,1033,7/17/2013 17:20,7/17/2013 21:15,3.916666667,3.92,263.7446809,37,Redfern Request 325
P,7790,PMEM17W05,1,371.5,7/18/2014 8:54,7/18/2014 23:15,14.35,14.35,25.88850174,26,Redfern Request 325
P,7642,PMEM17W06,1,372,7/9/2014 2:09,7/9/2014 13:07,10.96666667,10.97,33.92097264,34,Redfern Request 325
P,7496,PMEM17W07,1,482,6/27/2014 0:10,6/27/2014 15:00,14.83333333,14.83,32.49438202,32,Redfern Request 325
P,7301,PMEM17W08,2,541.5,6/13/2014 12:30,6/13/2014 23:50,11.33333333,11.33,47.77941176,48,Redfern Request 325
P,7775,PMEM18C01,1,353.25,7/17/2014 16:00,7/18/2014 0:30,8.5,8.5,41.55882353,42,Redfern Request 325
P,Blank,PMEM18C03a,1,100,4/9/2014 9:22,4/9/2014 13:25,4.05,4.05,24.69135802,12,Redfern Request 325
P,6732,PMEM18C03b,1,115.5,4/21/2014 9:00,4/21/2014 13:22,4.366666667,4.37,26.45038168,26,Redfern Request 325
P,7370,PMEM18C03c,1,48.5,6/19/2014 1:00,6/19/2014 3:00,2,2,24.25,24,Redfern Request 325
P,6363,PMEM18C04a,1,101.5,3/17/2014 11:20,3/17/2014 16:00,4.666666667,4.67,21.75,22,Redfern Request 325
P,Blank,PMEM18C04b,1,129.5,3/12/2014 8:36,3/12/2014 13:00,4.4,4.4,29.43181818,29.43,Redfern Request 325
P,6492,PMEM18C04c,1,56,3/29/2014 14:33,3/29/2014 18:24,3.85,3.85,14.54545455,15,Redfern Request 325
P,7288,PMEM19C01,2,834.5,6/13/2014 16:40,6/14/2014 6:00,13.33333333,13.33,62.5875,63,Redfern Request 325
P,7192,PMEM19C01,2,450,6/7/2014 8:30,6/7/2014 17:30,9,9,50,50,Redfern Request 325
P,7141,PMEM19C02,2,442,6/4/2014 8:35,6/4/2014 18:00,9.416666667,9.42,46.9380531,47,Redfern Request 325
P,6541,PMEM19C03c,1,114,4/3/2014 8:27,4/3/2014 13:16,4.816666667,4.82,23.66782007,12,Redfern Request 325
P,4460,PMEM19C04a,1,310,8/7/2013 15:10,8/8/2013 2:25,11.25,11.25,27.55555556,28,Redfern Request 325
P,4791,PMEM19F01,1,1013,9/3/2013 4:45,9/4/2013 2:15,21.5,21.5,47.11627907,47,Redfern Request 325
P,7498,PMEM19W09,1,650.5,6/27/2014 15:50,6/28/2014 9:12,17.36666667,17.37,37.45681382,37,Redfern Request 325
P,6785,PMEM20C01,2,612.5,5/10/2014 8:00,5/10/2014 22:00,14,14,43.75,43,Redfern Request 325
P,6691,PMEM20C01,2,307,4/15/2014 17:00,4/16/2014 0:00,7,7,43.85714286,44,Redfern Request 325
P,6628,PMEM20C02,1,326,4/10/2014 8:25,4/10/2014 18:20,9.916666667,9.92,32.87394958,10,Redfern Request 325
P,Blank,PMEM20C03c,1,80,3/19/2014 16:26,3/19/2014 19:35,3.15,3.15,25.3968254,25.4,Redfern Request 325
P,7438,PMEM20W06,2,266,6/24/2014 22:30,6/25/2014 4:35,6.083333333,6.08,43.7260274,44,Redfern Request 325
P,7232,PMEM20W07,1,333,6/10/2014 18:15,6/11/2014 8:50,14.58333333,14.58,22.83428571,Blank,Redfern Request 325
P,7065,PMEM20W08,2,390.75,5/29/2014 8:05,5/29/2014 15:44,7.65,7.65,51.07843137,51,Redfern Request 325
P,6905,PMEM20W09,2,478,5/19/2014 9:15,5/19/2014 21:16,12.01666667,12.02,39.77808599,40,Redfern Request 325
P,Blank,PMEM21C01,2,0,3/20/2014 8:05,3/20/2014 20:05,12,12,0,Blank,Redfern Request 325
P,Blank,PMEM21C01,2,384,3/15/2014 9:07,3/15/2014 16:52,7.75,7.75,49.5483871,24.77,Redfern Request 325
P,Blank,PMEM21C02,2,391.5,3/10/2014 8:42,3/10/2014 14:58,6.266666667,6.27,62.47340426,62.47,Redfern Request 325
P,6300,PMEM21C02,2,391.5,3/8/2013 8:42,3/8/2013 14:58,6.266666667,6.27,62.47340426,62,Redfern Request 325
P,Blank,PMEM21C04,1,94,11/12/2013 11:54,11/13/2013 4:35,16.68333333,16.68,5.634365634,Blank,Redfern Request 325
P,Blank,PMEM21C05,1,106.5,10/23/2013 12:10,10/24/2013 4:13,16.05,16.05,6.635514019,n.a,Redfern Request 325
P,7280,PMEM21W09,2,512,6/12/2014 1:15,6/12/2014 12:00,10.75,10.75,47.62790698,48,Redfern Request 325
P,5731,PMEM22C02,1,197,11/19/2013 0:55,11/19/2013 8:50,7.916666667,7.92,24.88421053,25,Redfern Request 325
P,5795,PMEM22C03,1,382,11/25/2013 12:36,11/25/2013 17:25,4.816666667,4.82,79.30795848,79,Redfern Request 325
P,5512,PMEM22C04,1,305,10/29/2013 21:40,10/30/2013 8:50,11.16666667,11.17,27.31343284,27,Redfern Request 325
P,5372,PMEM22C05,1,186,10/17/2013 22:48,10/18/2013 11:20,12.53333333,12.53,14.84042553,15,Redfern Request 325
P,5256,PMEM22C06,1,197,10/9/2013 11:36,10/10/2013 2:20,14.73333333,14.73,13.37104072,13,Redfern Request 325
P,4834,PMEM22C09a,1,75,9/6/2013 0:30,9/6/2013 10:50,10.33333333,10.33,7.258064516,7,Redfern Request 325
P,4854,PMEM22C09c,1,43.5,9/9/2013 20:42,9/9/2013 23:43,3.016666667,3.02,14.4198895,14,Redfern Request 325
P,4589,PMEM22F01.1b,1,126,8/17/2013 0:05,8/17/2013 6:00,5.916666667,5.92,21.29577465,21,Redfern Request 325
P,4146,PMEM22F01a,1,124,7/11/2013 15:20,7/11/2013 22:15,6.916666667,6.92,17.92771084,18,Redfern Request 325
P,4379,PMEM22F03.1a,1,49,7/31/2013 2:10,7/31/2013 4:46,2.6,2.6,18.84615385,19,Redfern Request 325
P,7383,PMEM22W03a,1,207,6/20/2014 16:00,6/21/2014 2:30,10.5,10.5,19.71428571,20,Redfern Request 325
P,7383,PMEM22W03b,1,207,6/20/2014 16:00,6/21/2014 2:30,10.5,10.5,19.71428571,20,Redfern Request 325
P,7160,PMEM22W04,1,237,6/5/2014 11:15,6/5/2014 21:45,10.5,10.5,22.57142857,23,Redfern Request 325
P,6959,PMEM22W05,1,269,5/22/2014 21:25,5/23/2014 1:35,4.166666667,4.17,64.56,65,Redfern Request 325
P,6823,PMEM22W06,1,272.5,5/13/2014 8:22,5/13/2014 17:55,9.55,9.55,28.53403141,29,Redfern Request 325
P,6664,PMEM22W07,1,332,4/14/2014 8:28,4/14/2014 21:46,13.3,13.3,24.96240602,25,Redfern Request 325
P,6557,PMEM22W08,1,412,4/3/2014 16:20,4/4/2014 1:20,9,9,45.77777778,23,Redfern Request 325
P,6400,PMEM22W09,2,448.5,3/20/2014 8:27,3/20/2014 17:30,9.05,9.05,49.55801105,50,Redfern Request 325
P,5883,PMEM23C01,1,272,12/3/2013 5:20,12/3/2013 16:25,11.08333333,11.08,24.54135338,25,Redfern Request 325
P,5270,PMEM23C03a,1,336.5,10/9/2013 5:32,10/9/2013 21:40,16.13333333,16.13,20.85743802,8,Redfern Request 325
P,4923,PMEM23C04a,1,586,9/13/2013 5:46,9/13/2013 22:30,16.73333333,16.73,35.01992032,35,Redfern Request 325
P,5354,PMEM23C04b,1,280,10/17/2013 15:40,10/18/2013 11:44,20.06666667,20.07,13.95348837,14,Redfern Request 325
P,4259,PMEM23F01b,1,587,7/22/2013 11:10,7/23/2013 8:42,21.53333333,21.53,27.26006192,27,Redfern Request 325
P,4650,PMEM23F02a,1,269,8/23/2013 16:00,8/24/2013 11:45,19.75,19.75,13.62025316,14,Redfern Request 325
P,4035,PMEM23F02b,1,439,7/2/2013 2:08,7/2/2013 12:52,10.73333333,10.73,40.90062112,41,Redfern Request 325
P,4363,PMEM23F04b,1,32,7/30/2013 2:36,7/30/2013 5:20,2.733333333,2.73,11.70731707,12,Redfern Request 325
P,4201,PMEM23F05a,1,133,7/16/2013 0:05,7/16/2013 11:40,11.58333333,11.58,11.48201439,11,Redfern Request 325
P,4201,PMEM23F04a,1,133,7/16/2013 0:05,7/16/2013 11:40,11.58333333,11.58,11.48201439,11,Redfern Request 325
P,4020,PMEM23F06a,2,192,7/1/2013 0:55,7/1/2013 6:05,5.166666667,5.17,37.16129032,37,Redfern Request 325
P,7031,PMEM23W02,2,386,5/28/2014 9:30,5/28/2014 18:35,9.083333333,9.08,42.49541284,42,Redfern Request 325
P,7575,PMEM23W04,1,258.75,7/7/2014 10:30,7/7/2014 21:40,11.16666667,11.17,23.17164179,23,Redfern Request 325
P,7446,PMEM23W05,2,333,6/25/2014 8:13,6/25/2014 19:45,11.53333333,11.53,28.87283237,29,Redfern Request 325
P,7224,PMEM23W06,1,329,6/10/2014 7:45,6/11/2014 1:45,18,18,18.27777778,18,Redfern Request 325
P,6911,PMEM23W08,3,503.5,5/19/2014 20:30,5/20/2014 2:30,6,6,83.91666667,84,Redfern Request 325
P,5646,PMWM01W02,1,97,11/12/2013 3:05,11/12/2013 10:51,7.766666667,7.77,12.48927039,12,Redfern Request 325
P,Blank,PMWM01W03b,1,136,10/23/2013 21:10,10/24/2013 0:50,3.666666667,3.67,37.09090909,n.a,Redfern Request 325
P,5291,PMWM01W04,1,248,10/11/2013 19:15,10/12/2013 5:30,10.25,10.25,24.19512195,7,Redfern Request 325
P,4272,PMWM01W07,1,200,7/23/2013 14:40,7/23/2013 23:30,8.833333333,8.83,22.64150943,23,Redfern Request 325
P,4086,PMWM01W08,1,116.5,7/6/2013 17:45,7/7/2013 0:50,7.083333333,7.08,16.44705882,16,Redfern Request 325
P,5849,PMWM02W02,1,107,11/28/2013 3:54,11/28/2013 11:20,7.433333333,7.43,14.39461883,14,Redfern Request 325
P,5774,PMWM02W03a,1,153,11/22/2013 3:16,11/22/2013 12:00,8.733333333,8.73,17.51908397,18,Redfern Request 325
P,4857,PMWM02W03b,1,161,9/9/2013 2:50,9/9/2013 14:24,11.56666667,11.57,13.91930836,3,Redfern Request 325
P,4394,PMWM02W06,1,276,8/1/2013 20:30,8/2/2013 10:43,14.21666667,14.22,19.41383353,19,Redfern Request 325
P,5563,PMWM04C03a,1,144,11/2/2013 14:25,,,,0.335208535,33,Redfern Request 325
P,5780,PMWM04W03b,1,200,11/23/2013 11:50,11/23/2013 21:51,10.01666667,10.02,19.96672213,21,Redfern Request 325
P,4361,PMWM04W03a,1,423,7/30/2013 22:38,7/31/2013 16:55,18.28333333,18.28,23.13582498,23,Redfern Request 325
P,9164,PMWM04W04,1,56,10/10/2014 17:55,10/10/2014 19:55,2,2,28,28,Redfern Request 325
P,5230,PMWM04W05,1,266.5,10/8/2013 19:15,10/9/2013 4:14,8.983333333,8.98,29.66604824,30,Redfern Request 325
P,4361,PMWM04W08,1,423,7/30/2013 22:38,7/31/2013 16:55,18.28333333,18.28,23.13582498,23,Redfern Request 325
P,4165,PMWM04W09,1,572,7/12/2013 22:49,7/13/2013 22:25,23.6,23.6,24.23728814,24,Redfern Request 325
P,6810,PMWM05W02,1,180.5,5/12/2014 16:24,5/13/2014 3:08,10.73333333,10.73,16.81677019,18,Redfern Request 325
P,6409,PMWM05W04,1,224,3/21/2014 8:29,3/21/2014 15:25,6.933333333,6.93,32.30769231,32,Redfern Request 325
P,5441,PMWM05W07,1,336,10/23/2013 16:20,10/24/2013 5:26,13.1,13.1,25.64885496,26,Redfern Request 325
P,4224,PMWM06C01,1,383,7/18/2013 15:50,7/19/2013 8:50,17,17,22.52941176,23,Redfern Request 325
P,7607,PMWM06W03a,1,125,7/8/2014 9:00,7/8/2014 13:00,4,4,31.25,30,Redfern Request 325
P,7607,PMWM06W03b,1,125,7/8/2014 9:00,7/8/2014 13:00,4,4,31.25,30,Redfern Request 325
P,7418,PMWM06W04,1,128,6/23/2014 16:40,6/23/2014 22:50,6.166666667,6.17,20.75675676,21,Redfern Request 325
P,7198,PMWM06W05,1,158,6/7/2014 16:21,6/7/2014 22:45,6.4,6.4,24.6875,25,Redfern Request 325
P,7013,PMWM06W06,1,163,5/27/2014 9:00,5/27/2014 17:00,8,8,20.375,20,Redfern Request 325
P,4683,PMWM06W08,1,229,8/27/2013 13:20,8/28/2013 6:20,17,17,13.47058824,13,Redfern Request 325
P,4465,PMWM06W09,1,292.5,8/7/2013 23:15,8/8/2013 5:13,5.966666667,5.97,49.02234637,49,Redfern Request 325
P,5257,PMWM07C03a,1,208.5,10/9/2013 20:10,10/10/2013 6:02,9.866666667,9.87,21.13175676,21,Redfern Request 325
P,Blank,PMWM07C03c,1,108.5,10/30/2013 2:30,10/30/2013 11:20,8.833333333,8.83,12.28301887,12,Redfern Request 325
P,Blank,PMWM07C04b,1,217,10/31/2013 22:40,11/1/2013 13:15,14.58333333,14.58,14.88,n.a,Redfern Request 325
P,5228,PMWM07C04c,1,129.5,10/7/2013 3:39,10/7/2013 12:25,8.766666667,8.77,14.77186312,15,Redfern Request 325
P,4257,PMWM07F02,1,992,7/22/2013 9:40,7/23/2013 7:00,21.33333333,21.33,46.5,47,Redfern Request 325
P,7329,PMWM07W04,1,248,6/17/2014 17:55,6/18/2014 2:27,8.533333333,8.53,29.0625,29,Redfern Request 325
P,6897,PMWM07W06,2,346.5,5/17/2014 14:10,5/17/2014 20:50,6.666666667,6.67,51.975,52,Redfern Request 325
P,6644,PMWM07W07,Blank,422,4/11/2014 10:58,4/11/2014 15:40,4.7,4.7,89.78723404,90,Redfern Request 325
P,6438,PMWM07W08,2,548,3/25/2014 7:58,3/25/2014 18:05,10.11666667,10.12,54.16803954,54,Redfern Request 325
P,6314,PMWM07W09,2,656,3/11/2014 8:58,3/11/2014 16:03,7.083333333,7.08,92.61176471,46,Redfern Request 325
P,6557,PMWM08W02,1,200,4/4/2014 8:01,4/4/2014 14:30,6.483333333,6.48,30.84832905,15,Redfern Request 325
P,Blank,PMWM08W03,2,205,3/15/2014 10:43,3/15/2014 16:30,5.783333333,5.78,35.44668588,35.45,Redfern Request 325
P,5889,PMWM08W06,1,274,12/4/2013 11:36,12/4/2013 23:47,12.18333333,12.18,22.48974008,22,Redfern Request 325
P,Blank,PMWM08W08,1,263,12/19/2013 11:40,12/20/2013 10:56,23.26666667,23.27,11.30372493,Blank,Redfern Request 325
P,5563,PMWM09C03a,1,144,11/2/2013 14:25,11/2/2013 18:50,4.416666667,4.42,32.60377358,33,Redfern Request 325
P,6974,PMWM09W02,1,172,5/23/2014 15:30,5/23/2014 22:55,7.416666667,7.42,23.19101124,23,Redfern Request 325
P,6731,PMWM09W04,1,239,4/21/2014 8:14,4/21/2014 16:30,8.266666667,8.27,28.91129032,29,Redfern Request 325
P,6414,PMWM09W06,1,270,3/21/2014 9:26,3/21/2014 16:32,7.1,7.1,38.02816901,38,Redfern Request 325
P,6871,PMWM09W08,1,205,5/15/2014 16:45,5/16/2014 1:30,8.75,8.75,23.42857143,23,Redfern Request 325
P,5852,PMWM10W05,1,305,11/29/2013 14:01,11/30/2013 6:10,16.15,16.15,18.88544892,19,Redfern Request 325
P,7105,PMWM11W02,1,64,6/2/2014 17:00,6/2/2014 20:30,3.5,3.5,18.28571429,18,Redfern Request 325
P,6880,PMWM11W03a,1,88,5/16/2014 9:00,5/16/2014 12:30,3.5,3.5,25.14285714,25,Redfern Request 325
P,6880,PMWM11W03b,1,88,5/16/2014 9:00,5/16/2014 12:30,3.5,3.5,25.14285714,25,Redfern Request 325
P,6681,PMWM11W04,1,106,4/15/2014 8:21,4/15/2014 12:13,3.866666667,3.87,27.4137931,27,Redfern Request 325
P,6519,PMWM11W05,1,120,4/1/2014 20:40,4/2/2014 0:50,4.166666667,4.17,28.8,14,Redfern Request 325
P,6362,PMWM11W06,1,118,3/17/2014 8:40,3/17/2014 12:20,3.666666667,3.67,32.18181818,32,Redfern Request 325
P,4334,PMWM11W07,1,149,7/27/2013 16:40,7/27/2013 21:25,4.75,4.75,31.36842105,31,Redfern Request 325
P,4210,PMWM11W08,1,179,7/17/2013 13:08,7/17/2013 18:38,5.5,5.5,32.54545455,33,Redfern Request 325
P,4119,PMWM11W09,1,208,7/9/2013 1:22,7/9/2013 7:45,6.383333333,6.38,32.5848564,33,Redfern Request 325
P,7011,PMWM12W02,1,172,5/26/2014 23:00,5/27/2014 6:10,7.166666667,7.17,24,24,Redfern Request 325
P,6778,PMWM12W03a,2,209,5/9/2014 13:50,5/10/2014 2:40,12.83333333,12.83,16.28571429,16,Redfern Request 325
P,6778,PMWM12W03b,2,209,5/9/2014 13:50,5/10/2014 2:40,12.83333333,12.83,16.28571429,16,Redfern Request 325
P,6615,PMWM12W04,1,250,4/9/2014 7:56,4/9/2014 15:53,7.95,7.95,31.44654088,16,Redfern Request 325
P,6464,PMWM12W05,1,267,3/27/2014 8:10,3/27/2014 16:10,8,8,33.375,33,Redfern Request 325
P,4048,PMWM12W07,1,348,7/3/2013 3:46,7/3/2013 12:15,8.483333333,8.48,41.021611,41,Redfern Request 325
P,9481,PMWM13W01,1,11,11/6/2014 11:30,11/6/2014 12:03,0.55,0.55,20,14,Redfern Request 325
P,Blank,PMWM13W02,1,160,12/21/2013 5:40,12/21/2013 10:58,5.3,5.3,30.18867925,Blank,Redfern Request 325
P,5806,PMWM13W04,1,240,11/25/2013 5:00,11/25/2013 13:25,8.416666667,8.42,28.51485149,29,Redfern Request 325
P,5618,PMWM13W05,1,289,11/8/2013 4:10,11/8/2013 18:30,14.33333333,14.33,20.1627907,20,Redfern Request 325
P,4771,PMWM13W07,1,341,9/2/2013 5:20,9/2/2013 14:20,9,9,37.88888889,10,Redfern Request 325
P,7169,PMWM14W02,2,165,6/5/2014 23:15,6/6/2014 5:00,5.75,5.75,28.69565217,29,Redfern Request 325
P,7057,PMWM14W03b,1,206,5/29/2014 16:35,5/30/2014 0:40,8.083333333,8.08,25.48453608,25,Redfern Request 325
P,6842,PMWM14W04,1,227,5/14/2014 8:50,5/14/2014 17:05,8.25,8.25,27.51515152,28,Redfern Request 325
P,6715,PMWM14W05,1,278,4/17/2014 7:55,4/17/2014 14:52,6.95,6.95,40,40,Redfern Request 325
P,6576,PMWM14W06,1,287,4/5/2014 8:00,4/5/2014 17:35,9.583333333,9.58,29.94782609,15,Redfern Request 325
P,4110,PMWM14W07,2,328,7/9/2013 15:34,7/10/2013 0:31,8.95,8.95,36.64804469,32,Redfern Request 325
P,6451,PMWM15W02,1,152.5,5/26/2014 7:58,5/26/2014 12:46,4.8,4.8,31.77083333,32,Redfern Request 325
P,6250,PMWM15W03a,2,185,2/24/2014 8:39,2/24/2014 12:10,3.516666667,3.52,52.60663507,53,Redfern Request 325
P,6250,PMWM15W03b,2,185,2/24/2014 8:39,2/24/2014 12:10,3.516666667,3.52,52.60663507,53,Redfern Request 325
P,5720,PMWM15W07,1,288,11/18/2013 4:10,11/18/2013 15:54,11.73333333,11.73,24.54545455,25,Redfern Request 325
P,7476,PMWM16W02,1,168,6/26/2014 17:00,6/26/2014 23:30,6.5,6.5,25.84615385,26,Redfern Request 325
P,7316,PMWM16W03a,1,215,6/16/2014 23:30,6/17/2014 8:00,8.5,8.5,25.29411765,25,Redfern Request 325
P,7316,PMWM16W03b,1,215,6/16/2014 23:30,6/17/2014 8:00,8.5,8.5,25.29411765,25,Redfern Request 325
P,7208,PMWM16W04,1,230,6/9/2014 8:50,6/9/2014 15:10,6.333333333,6.33,36.31578947,36,Redfern Request 325
P,7082,PMWM16W05,1,288,5/31/2014 7:50,5/31/2014 15:00,7.166666667,7.17,40.18604651,40,Redfern Request 325
P,4801,PMWM16W06,1,271,9/4/2013 4:10,9/4/2013 16:09,11.98333333,11.98,22.6147427,28,Redfern Request 325
P,4200,PMWM16W09,1,513.5,7/16/2013 23:42,7/17/2013 13:26,13.73333333,13.73,37.3907767,37,Redfern Request 325
P,4840,PMWM17F01,1,26,9/7/2013 4:10,9/7/2013 5:50,1.666666667,1.67,15.6,16,Redfern Request 325
P,6656,PMWM17W03a,Blank,202,4/12/2013 8:50,4/12/2013 16:54,8.066666667,8.07,25.04132231,25,Redfern Request 325
P,6656,PMWM17W03b,Blank,202,4/12/2013 8:50,4/12/2013 16:54,8.066666667,8.07,25.04132231,25,Redfern Request 325
P,6509,PMWM17W04,1,235,4/1/2014 8:36,4/1/2014 17:15,8.65,8.65,27.16763006,14,Redfern Request 325
P,6401,PMWM17W05,1,272,3/20/2014 8:35,3/20/2014 16:30,7.916666667,7.92,34.35789474,34,Redfern Request 325
P,Blank,PMWM17W08,1,306,10/11/2013 5:20,10/12/2013 2:10,20.83333333,20.83,14.688,n.a,Redfern Request 325
P,7248,PMWM18W04,1,134,6/11/2014 11:06,6/11/2014 15:10,4.066666667,4.07,32.95081967,33,Redfern Request 325
P,6998,PMWM18W06,1,160,5/26/2014 10:01,5/26/2014 19:05,9.066666667,9.07,17.64705882,18,Redfern Request 325
P,4687,PMWM18W07,1,208,8/24/2013 23:00,8/25/2013 2:45,3.75,3.75,55.46666667,55,Redfern Request 325
P,4439,PMWM18W08,1,244,8/5/2013 3:44,8/5/2013 12:33,8.816666667,8.82,27.67485822,28,Redfern Request 325
P,4249,PMWM18W09,2,312,7/20/2013 12:03,7/20/2013 22:05,10.03333333,10.03,31.09634551,31,Redfern Request 325
P,Blank,PMWM19C01,1,1008,11/12/2013 2:15,11/12/2013 16:10,13.91666667,13.92,72.43113772,72,Redfern Request 325
P,Blank,PMWM19C01,1,416,10/31/2013 23:10,11/1/2013 14:15,15.08333333,15.08,27.5801105,n.a,Redfern Request 325
P,Blank,PMWM19C02,1,501,10/28/2013 22:30,10/29/2013 12:00,13.5,13.5,37.11111111,n.a,Redfern Request 325
P,4698,PMWM19C03a,1,316,8/28/2013 12:55,8/29/2013 3:45,14.83333333,14.83,21.30337079,21,Redfern Request 325
P,Blank,PMWM19C03b,1,251.8,3/31/2014 11:54,3/31/2014 22:10,10.26666667,10.27,24.52597403,24.53,Redfern Request 325
P,4469,PMWM19C04b,1,32,8/7/2013 3:10,8/7/2013 4:54,1.733333333,1.73,18.46153846,18,Redfern Request 325
P,4319,PMWM19F01,1,1116,7/26/2013 18:15,7/26/2013 21:40,3.416666667,3.42,326.6341463,41,Redfern Request 325
P,4111,PMWM19F02,2,952,7/9/2013 19:55,7/10/2013 14:40,18.75,18.75,50.77333333,51,Redfern Request 325
P,7437,PMWM19W02,1,275,6/24/2014 22:00,6/25/2014 9:32,11.53333333,11.53,23.84393064,24,Redfern Request 325
P,7007,PMWM19W03a,1,272,5/26/2014 19:50,5/27/2014 4:20,8.5,8.5,32,32,Redfern Request 325
P,7007,PMWM19W03b,1,272,5/26/2014 19:50,5/27/2014 4:20,8.5,8.5,32,32,Redfern Request 325
P,6767,PMWM19W04,1,274.5,5/8/2014 19:44,5/9/2014 3:30,7.766666667,7.77,35.34334764,35,Redfern Request 325
P,6524,PMWM19W05,1,337,4/2/2014 8:25,4/2/2014 17:05,8.666666667,8.67,38.88461538,19,Redfern Request 325
P,5811,PMWM19W09,1,640,11/26/2013 15:20,11/27/2013 4:48,13.46666667,13.47,47.52475248,48,Redfern Request 325
P,Blank,PMWM21C03a,2,108.8,11/21/2013 14:25,11/21/2013 23:44,9.316666667,9.32,11.67799642,12,Redfern Request 325
P,7396,PMWM22W04,1,222,6/21/2014 9:09,6/21/2014 21:20,12.18333333,12.18,18.22161423,18,Redfern Request 325
P,7303,PMWM22W08,1,283,6/14/2014 16:36,6/14/2014 23:15,6.65,6.65,42.55639098,43,Redfern Request 325
P,5640,PMWM23C01,1,704,11/12/2013 21:16,11/13/2013 6:10,8.9,8.9,79.1011236,79,Redfern Request 325
P,5513,PMWM23C01,1,470,10/29/2013 4:00,10/29/2013 22:00,18,18,26.11111111,26,Redfern Request 325
P,4055,PMWM23C04a,1,68,7/4/2013 18:15,7/4/2013 21:24,3.15,3.15,21.58730159,22,Redfern Request 325
P,4055,PMWM23C04c,1,68,7/4/2013 18:15,7/4/2013 21:24,3.15,3.15,21.58730159,22,Redfern Request 325
P,5436,PMWM23C04a,1,504,10/23/2013 8:00,10/24/2013 2:00,18,18,28,28,Redfern Request 325
P,5436,PMWM23C02a,1,504,10/23/2013 8:00,10/24/2013 2:00,18,18,28,28,Redfern Request 325
P,5436,PMWM23C02b,1,504,10/23/2013 8:00,10/24/2013 2:00,18,18,28,28,Redfern Request 325
P,4371,PMWM23C05a,1,129,7/31/2013 15:15,8/1/2013 3:34,12.31666667,12.32,10.47361299,10,Redfern Request 325
P,6954,PMWM23W03a,1,236,5/22/2014 12:25,5/22/2014 17:25,5,5,47.2,47,Redfern Request 325
P,6954,PMWM23W03b,1,236,5/22/2014 12:25,5/22/2014 17:25,5,5,47.2,47,Redfern Request 325
P,6844,PMWM23W04,1,277.5,5/14/2014 9:34,5/14/2014 17:10,7.6,7.6,36.51315789,Blank,Redfern Request 325
P,6739,PMWM23W05,2,321.5,4/21/2014 17:00,4/21/2014 21:52,4.866666667,4.87,66.06164384,33,Redfern Request 325
P,Blank,PMWM23W06,2,330,3/31/2014 8:56,3/31/2014 20:05,11.15,11.15,29.59641256,29.6,Redfern Request 325
P,6375,PMWM23W07,1,384,3/18/2014 8:12,3/18/2014 15:46,7.566666667,7.57,50.74889868,51,Redfern Request 325
P,Blank,PUEM01C01,2,836,3/12/2014 8:50,3/12/2014 18:50,10,10,83.6,83.6,Redfern Request 325
P,Blank,PUEM01C02,2,836,3/12/2014 8:50,3/12/2014 18:50,10,10,83.6,83.6,Redfern Request 325
P,Blank,PUEM02C04b,2,400,2/27/2014 9:22,2/27/2014 17:04,7.7,7.7,51.94805195,51.95,Redfern Request 325
P,4273,PUEM02W03,1,206.5,7/23/2013 14:04,7/23/2013 22:46,8.7,8.7,23.73563218,24,Redfern Request 325
P,4052,PUEM02W04,2,200,7/3/2013 5:20,7/3/2013 14:00,8.666666667,8.67,23.07692308,23,Redfern Request 325
P,Blank,PUEM03W02,1,158,10/28/2013 13:50,10/28/2013 22:30,8.666666667,8.67,18.23076923,n.a,Redfern Request 325
P,Blank,PUEM04W02,1,120.5,10/23/2013 3:54,10/23/2013 11:10,7.266666667,7.27,16.58256881,n.a,Redfern Request 325
P,4637,PUEM04W04,1,135.5,8/22/2013 17:15,8/23/2013 3:30,10.25,10.25,13.2195122,13,Redfern Request 325
P,4393,PUEM04W05,1,175,8/1/2013 16:35,8/1/2013 23:18,6.716666667,6.72,26.05459057,26,Redfern Request 325
P,4040,PUEM04W06,1,200.5,7/3/2013 10:03,7/3/2013 17:20,7.283333333,7.28,27.52860412,28,Redfern Request 325
P,5375,PUEM05C03a,1,206.5,11/19/2013 2:49,11/19/2013 12:30,9.683333333,9.68,21.3253012,21,Redfern Request 325
P,Blank,PUEM05C03b,1,288,11/16/2013 19:00,11/17/2013 8:55,13.91666667,13.92,20.69461078,Blank,Redfern Request 325
P,5844,PUEM05C03c,1,109,11/20/2013 21:35,11/21/2013 0:54,3.316666667,3.32,32.86432161,33,Redfern Request 325
P,5358,PUEM05C04b,1,308,10/16/2013 23:25,10/17/2013 11:50,12.41666667,12.42,24.80536913,25,Redfern Request 325
P,7357,PUEM05W03,2,261,6/19/2014 9:10,6/19/2014 17:15,8.083333333,8.08,32.28865979,32,Redfern Request 325
P,7170,PUEM05W04,2,284,6/5/2014 23:50,6/6/2014 5:30,5.666666667,5.67,50.11764706,50,Redfern Request 325
P,6969,PUEM05W05,1,381.5,5/23/2014 9:05,5/23/2014 23:50,14.75,14.75,25.86440678,26,Redfern Request 325
P,6822,PUEM05W06,1,312,5/13/2014 8:16,5/13/2014 17:45,9.483333333,9.48,32.89982425,33,Redfern Request 325
P,6669,PUEM05W07,Blank,468,4/14/2014 11:05,4/14/2014 21:20,10.25,10.25,45.65853659,46,Redfern Request 325
P,6437,PUEM05W08,3,570.5,3/29/2014 9:03,3/29/2014 21:05,12.03333333,12.03,47.4099723,47,Redfern Request 325
P,Blank,PUEM05W09,2,674.5,3/14/2014 8:10,3/14/2014 19:27,11.28333333,11.28,59.77843427,59.78,Redfern Request 325
P,7225,PUEM06W06,1,152,6/10/2014 7:59,6/10/2014 13:28,5.483333333,5.48,27.72036474,28,Redfern Request 325
P,6518,PUEM06C01,1,384,4/1/2014 14:20,4/2/2014 0:30,10.16666667,10.17,37.7704918,19,Redfern Request 325
P,6376,PUEM06C01,2,218.5,3/18/2014 8:13,3/18/2014 12:50,4.616666667,4.62,47.32851986,47,Redfern Request 325
P,Blank,PUEM06C02,1,201,3/12/2014 8:46,3/12/2014 15:57,7.183333333,7.18,27.98143852,27.98,Redfern Request 325
P,Blank,PUEM06C04c,1,64.5,10/18/2013 5:25,10/18/2013 11:20,5.916666667,5.92,10.90140845,n.a,Redfern Request 325
P,4656,PUEM06C04b,1,120.8,8/23/2013 5:15,8/23/2013 14:35,9.333333333,9.33,12.94285714,13,Redfern Request 325
P,Blank,PUEM06F01,2,1032,9/4/2013 15:20,9/5/2013 11:10,19.83333333,19.83,52.03361345,n.a,Redfern Request 325
P,7016,PUEM06W07,2,214,5/27/2014 10:30,5/27/2014 21:30,11,11,19.45454545,19,Redfern Request 325
P,6867,PUEM06W08,1,244,5/15/2014 11:11,5/15/2014 20:05,8.9,8.9,27.41573034,27,Redfern Request 325
P,6734,PUEM06W09,2,290,4/21/2014 9:17,4/21/2014 19:40,10.38333333,10.38,27.929374,28,Redfern Request 325
P,Blank,PUEM07C01,1,24,12/13/2013 3:40,12/13/2013 6:19,2.65,2.65,9.056603774,Blank,Redfern Request 325
P,5422,PUEM07C03a,1,363,10/22/2013 13:15,10/22/2013 20:20,7.083333333,7.08,51.24705882,27,Redfern Request 325
P,5525,PUEM07C03c,1,178.75,10/30/2013 18:35,10/31/2013 1:30,6.916666667,6.92,25.84337349,26,Redfern Request 325
P,7479,PUEM07W02,1,240.5,6/26/2014 21:12,6/27/2014 6:07,8.916666667,8.92,26.97196262,27,Redfern Request 325
P,7297,PUEM07W03,Blank,231.5,6/13/2014 4:55,6/13/2014 18:00,13.08333333,13.08,17.69426752,18,Redfern Request 325
P,6924,PUEM07W05,1,334,5/20/2014 9:51,5/20/2014 19:20,9.483333333,9.48,35.21968366,35,Redfern Request 325
P,6762,PUEM07W06,2,336.5,4/22/2014 19:27,4/23/2014 0:44,5.283333333,5.28,63.69085174,32,Redfern Request 325
P,6593,PUEM07W07,2,426.5,4/7/2014 9:05,4/7/2014 17:25,8.333333333,8.33,51.18,26,Redfern Request 325
P,6403,PUEM07W08,2,543,3/20/2014 8:57,3/20/2014 19:15,10.3,10.3,52.7184466,53,Redfern Request 325
P,4358,PUEM08W07,1,306,7/30/2013 14:48,7/30/2013 20:00,5.2,5.2,58.84615385,50,Redfern Request 325
P,4215,PUEM08W08,1,410.5,7/17/2013 0:15,7/17/2013 12:32,12.28333333,12.28,33.4192673,33,Redfern Request 325
P,5231,PUEM10W06,1,320.5,10/7/2013 5:09,10/7/2013 10:33,5.4,5.4,59.35185185,59,Redfern Request 325
P,4430,PUEM12W06,1,343.5,8/5/2013 10:55,8/5/2013 11:13,0.3,0.3,1145,14,Redfern Request 325
P,4071,PUEM12W07,1,368,7/5/2013 14:20,7/6/2013 5:30,15.16666667,15.17,24.26373626,24,Redfern Request 325
P,5755,PUEM13W04,1,219,11/21/2013 15:20,11/22/2013 6:20,15,15,14.6,15,Redfern Request 325
P,5665,PUEM13W05,1,279,11/13/2013 6:38,11/13/2013 17:27,10.81666667,10.82,25.79352851,26,Redfern Request 325
P,4262,PUEM13W07,1,341,7/22/2013 13:26,7/22/2013 22:00,8.566666667,8.57,39.80544747,40,Redfern Request 325
P,Blank,PUEM14W02,1,152,11/7/2013 23:40,11/8/2013 7:00,7.333333333,7.33,20.72727273,21,Redfern Request 325
P,4920,PUEM14W04,1,236,9/13/2013 1:15,9/13/2013 13:20,12.08333333,12.08,19.53103448,20,Redfern Request 325
P,4699,PUEM14W05,1,265,8/28/2013 14:02,8/29/2013 6:27,16.41666667,16.42,16.14213198,16,Redfern Request 325
P,4339,PUEM14W06,1,258,7/29/2013 11:32,7/30/2013 3:26,15.9,15.9,16.22641509,16,Redfern Request 325
P,5367,PUEM17W02,1,220,10/17/2013 11:50,10/17/2013 20:50,9,9,24.44444444,24,Redfern Request 325
P,5216,PUEM17W03,1,269,10/7/2013 22:05,10/7/2013 23:35,1.5,1.5,179.3333333,179,Redfern Request 325
P,4175,PUEM17W08,1,584,7/13/2013 14:35,7/14/2013 6:15,15.66666667,15.67,37.27659574,37,Redfern Request 325
P,4599,PUEM18W08,1,247,8/19/2014 11:00,8/19/2014 18:30,7.5,7.5,32.93333333,8,Redfern Request 325
P,4196,PUEM19C01,2,796,7/16/2013 12:58,7/17/2013 12:28,23.5,23.5,33.87234043,34,Redfern Request 325
P,4050,PUEM19C01,1,552,7/3/2013 4:28,7/3/2013 18:20,13.86666667,13.87,39.80769231,40,Redfern Request 325
P,5746,PUEM19W03,1,272,11/20/2013 18:54,11/21/2013 4:10,9.266666667,9.27,29.35251799,29,Redfern Request 325
P,5416,PUEM19W05,1,360,10/21/2013 18:33,10/22/2013 2:00,7.45,7.45,48.32214765,48,Redfern Request 325
P,5231,PUEM19W06,1,320.5,10/7/2013 5:09,10/7/2013 10:33,5.4,5.4,59.35185185,59,Redfern Request 325
P,4622,PUEM19W08,1,548.5,8/21/2013 8:00,8/22/2013 6:00,22,22,24.93181818,25,Redfern Request 325
P,4461,PUEM19W09,1,658,8/7/2013 17:55,8/8/2013 6:00,12.08333333,12.08,54.45517241,54,Redfern Request 325
P,4053,PUEM21C01,1,593,7/3/2013 5:45,7/3/2013 18:58,13.21666667,13.22,44.86759142,45,Redfern Request 325
P,4638,PUEM21W06,1,264,8/22/2013 22:30,8/23/2013 4:00,5.5,5.5,48,48,Redfern Request 325
P,4170,PUEM21W09,2,484,7/12/2013 2:40,7/12/2013 11:29,8.816666667,8.82,54.89603025,55,Redfern Request 325
P,4238,PUEM22C01,1,447,7/19/2013 11:34,7/19/2013 21:33,9.983333333,9.98,44.77462437,45,Redfern Request 325
P,4072,PUEM22C02,1,216,7/5/2013 16:32,7/5/2013 21:10,4.633333333,4.63,46.61870504,47,Redfern Request 325
P,5448,PUEM22W02,1,195,10/23/2013 13:35,10/23/2013 20:55,7.333333333,7.33,26.59090909,27,Redfern Request 325
P,4932,PUEM22W06,1,255,9/14/2013 18:22,9/14/2013 22:44,4.366666667,4.37,58.39694656,58,Redfern Request 325
P,4569,PUEM22W08,1,408,8/15/2013 5:55,8/15/2013 15:40,9.75,9.75,41.84615385,12,Redfern Request 325
P,4364,PUEM22W09,1,488,7/30/2013 3:00,7/30/2013 12:50,9.833333333,9.83,49.62711864,50,Redfern Request 325
P,4489,PUEM23W06,1,299,8/8/2013 4:50,8/8/2013 13:35,8.75,8.75,34.17142857,9,Redfern Request 325
P,4026,PUEM23W08,1,481,7/2/2013 9:21,7/2/2013 19:35,10.23333333,10.23,47.00325733,47,Redfern Request 325
P,7444,PUWM01W01,1,59.5,6/24/2014 4:55,6/24/2014 8:12,3.283333333,3.28,18.12182741,18,Redfern Request 325
P,6925,PUWM01W02,1,152,5/20/2014 10:30,5/20/2014 16:56,6.433333333,6.43,23.62694301,24,Redfern Request 325
P,6740,PUWM01W03,1,121,4/21/2014 19:25,4/21/2014 23:30,4.083333333,4.08,29.63265306,30,Redfern Request 325
P,6540,PUWM01W04,1,191,4/3/2014 8:10,4/3/2014 15:28,7.3,7.3,26.16438356,13,Redfern Request 325
P,Blank,PUWM01W05,1,260,3/14/2014 8:35,3/14/2014 16:18,7.716666667,7.72,33.69330454,33.69,Redfern Request 325
P,Blank,PUWM02C02,2,1248,2/28/2014 9:25,2/28/2014 21:35,12.16666667,12.17,102.5753425,102.58,Redfern Request 325
P,7083,PUWM02W01,1,68.5,5/31/2014 8:00,5/31/2014 11:42,3.7,3.7,18.51351351,19,Redfern Request 325
P,6549,PUWM02W02,1,166,4/3/2014 15:53,4/3/2014 20:15,4.366666667,4.37,38.01526718,19,Redfern Request 325
P,Blank,PUWM02W03,1,195,3/15/2014 11:24,3/15/2014 13:55,2.516666667,2.52,77.48344371,77.48,Redfern Request 325
P,5677,PUWM02W07,1,340,11/15/2013 4:57,11/15/2013 20:55,15.96666667,15.97,21.29436326,9,Redfern Request 325
P,5500,PUWM02W08,1,298,10/29/2013 20:00,10/30/2013 4:30,8.5,8.5,35.05882353,35,Redfern Request 325
P,7493,PUWM03W01,1,75,6/27/2014 22:51,6/28/2014 2:29,3.633333333,3.63,20.64220183,21,Redfern Request 325
P,6424,PUWM03W02,2,166,3/22/2014 8:37,3/22/2014 14:43,6.1,6.1,27.21311475,27,Redfern Request 325
P,Blank,PUWM03W03,1,196,3/7/2014 8:08,3/7/2014 14:53,6.75,6.75,29.03703704,29.04,Redfern Request 325
P,Blank,PUWM03W06,1,128,12/18/2013 12:10,12/18/2013 17:16,5.1,5.1,25.09803922,Blank,Redfern Request 325
P,5748,PUWM03W08,1,400,11/20/2013 1:10,11/20/2013 10:43,9.55,9.55,41.88481675,42,Redfern Request 325
P,Blank,PUWM04W02,1,161,10/30/2013 2:50,10/30/2013 10:22,7.533333333,7.53,21.37168142,n.a,Redfern Request 325
P,5409,PUWM04W03,1,200.8,10/21/2013 9:10,10/21/2013 20:20,11.16666667,11.17,17.98208955,18,Redfern Request 325
P,Blank,PUWM04W05,Blank,267,9/9/2013 23:00,9/10/2013 5:25,6.416666667,6.42,41.61038961,42,Redfern Request 325
P,4618,PUWM04W06,1,256,8/20/2013 1:00,8/20/2013 10:00,9,9,28.44444444,28,Redfern Request 325
P,4395,PUWM04W07,1,348,8/1/2013 20:31,8/2/2013 4:08,7.616666667,7.62,45.6892779,46,Redfern Request 325
P,4118,PUWM04W08,2,403,7/9/2013 0:57,7/9/2013 12:30,11.55,11.55,34.89177489,35,Redfern Request 325
P,Blank,PUWM05W02,1,181,11/7/2013 8:14,11/7/2013 21:21,13.11666667,13.12,13.79923761,14,Redfern Request 325
P,4758,PUWM05W05,1,273,9/2/2013 9:47,9/2/2013 17:17,7.5,7.5,36.4,36,Redfern Request 325
P,4112,PUWM05W07,1,355,7/9/2013 16:40,7/10/2013 0:13,7.55,7.55,47.01986755,47,Redfern Request 325
P,5821,PUWM06C01,1,367,11/27/2013 11:45,11/27/2013 23:30,11.75,11.75,31.23404255,10,Redfern Request 325
P,5691,PUWM06C02,1,172,11/15/2013 0:45,11/15/2013 9:25,8.666666667,8.67,19.84615385,20,Redfern Request 325
P,4703,PUWM06C03a,1,99,8/28/2013 17:53,8/29/2013 2:07,8.233333333,8.23,12.0242915,12,Redfern Request 325
P,4633,PUWM06C03c,1,50.5,8/22/2013 14:15,8/22/2013 16:20,2.083333333,2.08,24.24,n.a,Redfern Request 325
P,4217,PUWM06C04a,1,48,7/17/2013 2:10,7/17/2013 2:50,0.666666667,0.67,72,72,Redfern Request 325
P,7222,PUWM06W01,1,39.25,6/9/2014 1:48,6/9/2014 4:30,2.7,2.7,14.53703704,15,Redfern Request 325
P,6648,PUWM06W02,1,98,4/11/2014 20:39,4/11/2014 23:28,2.816666667,2.82,34.79289941,35,Redfern Request 325
P,Blank,PUWM06W04,1,115,3/12/2014 8:56,3/12/2014 13:07,4.183333333,4.18,27.49003984,27.49,Redfern Request 325
P,6439,PUWM06W07,1,110,3/25/2014 8:24,3/25/2014 11:31,3.116666667,3.12,35.29411765,35,Redfern Request 325
P,Blank,PUWM07C01,1,510,10/28/2013 4:00,10/28/2013 13:00,9,9,56.66666667,n.a,Redfern Request 325
P,5465,PUWM07C02,1,400,10/24/2013 0:35,10/24/2013 6:45,6.166666667,6.17,64.86486486,65,Redfern Request 325
P,5259,PUWM07C03c,1,128,10/9/2013 23:35,10/10/2013 3:20,3.75,3.75,34.13333333,34,Redfern Request 325
P,4185,PUWM07F01,2,699,7/15/2013 17:07,7/16/2013 12:54,19.78333333,19.78,35.33277169,35,Redfern Request 325
P,6830,PUWM07W01,1,115.5,5/13/2014 13:30,5/13/2014 17:32,4.033333333,4.03,28.63636364,29,Redfern Request 325
P,6511,PUWM07W02,1,227,4/1/2014 9:00,4/1/2014 15:25,6.416666667,6.42,35.37662338,18,Redfern Request 325
P,6378,PUWM07W03,1,251,3/18/2014 8:41,3/18/2014 15:42,7.016666667,7.02,35.7719715,36,Redfern Request 325
P,Blank,PUWM07W04,1,256,3/1/2014 8:36,3/1/2014 12:10,3.566666667,3.57,71.77570093,71.78,Redfern Request 325
P,Blank,PUWM07W07,1,176,12/20/2013 12:15,12/21/2013 6:13,17.96666667,17.97,9.795918367,Blank,Redfern Request 325
P,4396,PUWM08C01,1,592,8/1/2013 21:29,8/2/2013 12:10,14.68333333,14.68,40.31782066,40,Redfern Request 325
P,4167,PUWM08C01,1,360,7/12/2013 1:15,7/12/2013 17:15,16,16,22.5,23,Redfern Request 325
P,4087,PUWM08C02,1,284,7/6/2013 18:52,7/7/2013 6:00,11.13333333,11.13,25.50898204,26,Redfern Request 325
P,7265,PUWM08W01,1,71,6/12/2014 9:15,6/12/2014 15:05,5.833333333,5.83,12.17142857,12,Redfern Request 325
P,5639,PUWM08W03,1,192,11/12/2013 19:00,11/13/2013 0:25,5.416666667,5.42,35.44615385,35,Redfern Request 325
P,5443,PUWM08W04,1,193,10/23/2013 19:17,10/24/2013 3:11,7.9,7.9,24.43037975,24,Redfern Request 325
P,5318,PUWM08W05,1,252,10/14/2013 9:30,10/14/2013 19:42,10.2,10.2,24.70588235,25,Redfern Request 325
P,4644,PUWM08W09,1,496,8/23/2013 2:45,8/23/2013 22:10,19.41666667,19.42,25.54506438,26,Redfern Request 325
P,6566,PUWM09W05,1,264,4/4/2014 15:10,4/4/2014 23:05,7.916666667,7.92,33.34736842,17,Redfern Request 325
P,5660,PUWM12W02,1,152,11/13/2013 0:42,11/13/2013 4:20,3.633333333,3.63,41.83486239,42,Redfern Request 325
P,Blank,PUWM13W02,1,146,11/1/2013 20:58,11/2/2013 1:50,4.866666667,4.87,30,30,Redfern Request 325
P,6576,PUWM14W06,1,287,4/5/2014 8:00,4/5/2014 17:35,9.583333333,9.58,29.94782609,15,Redfern Request 325
P,5764,PUWM16W02,1,146,11/21/2013 5:05,11/21/2013 13:50,8.75,8.75,16.68571429,17,Redfern Request 325
P,5706,PUWM18W02,1,102,11/18/2013 9:47,11/18/2013 14:22,4.583333333,4.58,22.25454545,22,Redfern Request 325
P,5614,PUWM18W03,1,112,11/8/2013 0:51,11/8/2013 5:06,4.25,4.25,26.35294118,26,Redfern Request 325
P,Blank,PUWM18W04,1,120,10/18/2013 22:40,10/19/2013 2:44,4.066666667,4.07,29.50819672,n.a,Redfern Request 325
P,4880,PUWM18W07,1,183,9/11/2013 11:30,9/11/2013 19:40,8.166666667,8.17,22.40816327,23,Redfern Request 325
P,4599,PUWM18W08,1,247,8/19/2013 11:00,8/19/2013 18:30,7.5,7.5,32.93333333,8,Redfern Request 325
P,4367,PUWM18W09,1,295,7/30/2013 10:15,7/31/2013 0:22,14.11666667,14.12,20.89728453,21,Redfern Request 325
P,Blank,PUWM19W02,1,240.75,10/29/2013 22:35,10/30/2013 9:00,10.41666667,10.42,23.112,23,Redfern Request 325
P,5275,PUWM19W03,1,248,10/10/2013 14:15,10/11/2013 5:30,15.25,15.25,16.26229508,16,Redfern Request 325
P,4755,PUWM19W05,1,341,9/2/2013 9:10,9/3/2013 1:15,16.08333333,16.08,21.20207254,21,Redfern Request 325
P,4532,PUWM19W06,1,302,8/13/2013 20:45,8/14/2013 13:07,16.36666667,16.37,18.45213849,18,Redfern Request 325
P,4241,PUWM19W07,1,468.5,7/19/2013 15:45,7/20/2013 10:30,18.75,18.75,24.98666667,25,Redfern Request 325
P,4095,PUWM19W08,1,568.5,7/8/2013 10:03,7/9/2013 3:05,17.03333333,17.03,33.37573386,33,Redfern Request 325
P,Blank,PUWM19W09,1,237,9/19/2013 0:03,9/19/2013 23:30,23.45,23.45,10.10660981,n.a,Redfern Request 325
P,4615,PUWM23W04,1,239,8/20/2013 2:00,8/20/2013 6:00,4,4,59.75,60,Redfern Request 325
P,4435,PUWM23W05,1,307,8/5/2013 17:10,8/6/2013 0:10,7,7,43.85714286,44,Redfern Request 325
P,4348,PUWM23W06,1,311,7/29/2013 23:28,7/30/2013 4:33,5.083333333,5.08,61.18032787,61,Redfern Request 325
P,4122,PUWM23W07,1,400,7/9/2013 5:15,7/9/2013 14:47,9.533333333,9.53,41.95804196,12,Redfern Request 325
