DESTINATION_CODE_LINE1,description_mix,QUANTITY
UE-M01-W03 , IMC P18 ,56.080002307891846
UE-M01-W03 , SMC P56 ,160.0800061225891
UE-M01-W04 , IMC P18 ,88.06000137329102
UE-M01-W04 , SMC P56 ,187.92000007629395
UE-M01-W01 , SMC P3 P ,66
UE-M01-W01 ,Grout,0.5
UE-M01-W02 , IMC P18 ,38
UE-M01-W02 , SMC P56 ,128.00000047683716
UE-M01-W05 , IMC P18 ,112
UE-M01-W05 , SMC P56 ,184.00000047683716
UE-M01-W06 , IMC P18 ,104.0000045
UE-M01-W06 , SMC P56 ,152.12000727653503
UE-M01-W07 ,IMC P9 P1,136.08000373840332
UE-M01-W07 ,SMC P11 P1,248.06001019477844
UE-M01-W08 , IMC P23 P ,16
UE-M01-W08 ,Grout,0.5
UE-M01-W08 ,IMC P9 P1,120.26000595092773
UE-M01-W08 ,SMC P11 P1,317.26001501083374
UE-M01-C01A,Grout,1.5
UE-M01-C01A,IMC P7,160.06000661849976
UE-M01-C01A,IMC-P9-P1,504.2800188064575
UE-M01-C01A,SMC P3,96.16000413894653
UE-M01-C01A,SMC-P11-P1,344.2200105190277
UE-M01-C02,Grout,0.5
UE-M01-C02,IMC P7,180.00000762939453
UE-M01-C02,IMC-P9-P1,96.00000429153442
UE-M01-C02,SMC P50,8
UE-M01-C02,SMC-P11-P1,48.060001850128174
UE-M01-C02,SMC-P12,16
UE-M01-C02,SMC-P15-P1,8
UE-M01-C03,Grout,1.5
UE-M01-C03,IMC-P9-P1,80.12000418
UE-M01-C03,SMC-P11-P1,296.3600158691406
UE-M01-C04a,IMC P7,24.000000476837158
UE-M01-C04a,SMC-P11,40.000000953674316
UE-M01-C04b,4000 C. NORMAL,8
UE-M01-C04b,IMC P7,280.0600094795227
UE-M01-C04b,SMC-P11,296.04001092910767
UE-M01-C04b,SMC-P11-P1,80.00000143051147
UE-M01-C05A,Grout,0.5
UE-M01-C05A,SMC-P11-P1,100.00000047683716
UE-M01-C06A,Grout,1
UE-M01-C06A,SMC-P11-P1,166.0000081062317
UE-M01-C06B,IMC P7,424.06000900268555
UE-M01-C06B,SMC-P11,267.0600075721741
UE-M01-C07A,Grout,1
UE-M01-C07A,SMC-P11-P1,72.00000047683716
UE-M01-C07B,IMC P7,32.00000047683716
UE-M01-C07B,SMC-P11,20
UE-M01-F01A,IMC-P7 mass concrete,216.00000619888306
UE-M01-F01A,SMC-P11,256.0000081062317
UE-M01-F01A,SMC-P12,16.000000476837158
UE-M01-F01B,IMC-P7 mass concrete,296.00000858306885
UE-M01-F01B,SMC-P11,220.02000522613525
UE-M01-F01B,SMC-P11-P1,11
UE-M01-F01B,SMC-P12,40.000000953674316
UE-M01-F02,IMC-P7 mass concrete,120.00000190734863
UE-M01-F02,SMC-P12,548.1300187110901
UE-M01-W09,Grout,0.5
UE-M01-W09,IMC P9 P1,296.3200144767761
UE-M01-W09,SMC P11 P1,272.0000081062317
UE -M02 -C01A ,Grout,0.5
UE -M02 -C01A ,IMC P7,56.00000190734863
UE -M02 -C01A ,IMC P9 P1,256.0000091
UE -M02 -C01A ,SMC P11,120.04000425338745
UE -M02 -C01A ,SMC P11 P1,176.0000057220459
UE -M02 -W07 , IMC P14 P ,76.00000047683716
UE -M02 -W07 , SMC P56 ,160.01000142097473
UE -M02 -W07 ,SMC P11,72.06000185012817
UE-M02-W09 ,Grout,1.5
UE-M02-W09 ,IMC P9 P1,128.0800018310547
UE-M02-W09 ,SMC P11 P1,344.5600178
UE-M02-C01B,Grout,0.5
 UE-M02-C01B ,IMC P9 P1,80.06000185012817
 UE-M02-C01B ,SMC P11 P1,316.110014
UE-M02-W01 , SMC P3 P ,60
UE-M02-W02 , SMC P56P ,200.18000507354736
UE-M02-W02 ,Grout,1
UE-M02-W03 , IMC P14 P ,18
UE-M02-W03 , IMC P18 ,16
UE-M02-W03 , SMC P56P ,204.16000509262085
UE-M02-W03 ,Grout,0.5
UE-M02-W04 , IMC P14 P ,56
UE-M02-W04 , SMC P50 P ,144.1400032043457
UE-M02-W04 ,Grout,0.5
UE-M02-W05 , SMC P56 ,56.060001850128174
UE-M02-W05 , SMC-P50 ,152.14000749588013
UE-M02-W05 ,IMC P7,48
UE-M02-W06 , IMC P18 ,88
UE-M02-W06 , SMC P56 ,176.00000095367432
UE-M02-W08 , IMC P23 P ,16.040000915527344
UE-M02-W08 , SMC P3 P ,371.23001074790955
UE-M02-W08 ,Grout,5.5
UE-M02-W08 ,IMC P7,72.1400032
UE-M02-W08 ,SMC-P3,72.18000411987305
UE-M02,LC-P2 LEVELING,38.93000078201294
UE-M02-C02,Grout,0.5
UE-M02-C02,IMC P9 P1,8.020000457763672
UE-M02-C02,SMC P11 P1,200.0400037765503
UE-M02-C03A,SMC-P21,160.0000057220459
UE-M02-C03B/C,IMC-P7 mass concrete,198.00000476837158
UE-M02-C03B/C,SMC-P11,206.08000469207764
UE-M02-C03B/C,SMC-P21,120.00000047683716
UE-M02-C04B/C,IMC-P7 mass concrete,32.040000915527344
UE-M02-C04B/C,SMC-P11,448.0400171279907
UE-M02-C04B/C,SMC-P21,64.00000143051147
UE-M02-C06, SMC P56P ,8
UE-M02-F01,IMC-P7 mass concrete,280.0400071144104
UE-M02-F01,SMC-P12,680.2200241088867
UE-M02-F02,IMC-P7 mass concrete,208.0400037765503
UE-M02-F02,SMC-P12,488.04001235961914
UE -M03 -W09, IMC P14 P ,192.04000186920166
UE -M03 -W09, SMC P56P ,331.1400087
UE -M03 -W09,Grout,0.75
UE-M03-C01A, SMC P3 P ,32
UE-M03-C01A, SMC P31P1 ,80
UE-M03-C01A,IMC P7,264.3800129890442
UE-M03-C01A,SMC-P3,232.30001139640808
UE-M03-C01B, SMC P3 P ,96.22000503540039
UE-M03-C01B,Grout,1
UE-M03-C01B,IMC P7,224.24001002311707
UE-M03-C01B,IMC P9 P1,52.02000045776367
UE-M03-C01B,SMC-P3,48.10000228881836
UE-M03-C02, SMC P3 P ,328.5800175666809
UE-M03-C02,Grout,1.5
UE-M03-W01, SMC P3 P ,74.00000047683716
UE-M03-W01,Grout,0.5
UE-M03-W02, SMC P56P ,128.20000457763672
UE-M03-W02,Grout,0.5
UE-M03-W03, SMC P56P ,205.06000232696533
UE-M03-W03,Grout,0.75
UE-M03-W04, SMC P56P ,216.3600082397461
UE-M03-W04,Grout,0.5
UE-M03-W05, IMC P14 P ,64
UE-M03-W05, SMC P56P ,201.12000370025635
UE-M03-W05,Grout,0.5
UE-M03-W06, IMC P14 P ,104
UE-M03-W06, IMC P18 ,8
UE-M03-W06, SMC P56P ,158.02000093460083
UE-M03-W07, IMC P18 ,128.14000511169434
UE-M03-W07, SMC P56 ,216.1400089263916
UE-M03-W07, SMC P56P ,24
UE-M03-W07,Grout,0.75
UE-M03-W08, IMC P18 ,176.20000505447388
UE-M03-W08, SMC P56 ,260.2200069
UE-M03-W08, SMC P56P ,8
UE-M03-C03A,Grout,1
UE-M03-C03A,SMC-P11-P1,160.08000564575195
UE-M03-C03B,IMC-P7 mass concrete,64.00000190734863
UE-M03-C03B,SMC-P11,152.00000524520874
UE-M03-C03C,Grout,2
UE-M03-C03C,SMC-P11-P1,80.00000381469727
UE-M03-C03C,SMC-P15-P1,28.05000114440918
UE-M03-C04a,SMC-P21,174
UE-M03-C04B,IMC-P7 mass concrete,48
UE-M03-C04B,SMC-P11,184.0200047492981
UE-M03-C04C,SMC-P11-P1,128.06000518798828
UE-M03-F01,IMC-P7 mass concrete,264.0400071144104
UE-M03-F01,SMC-P12,688.0600224
UE-M03-F02,IMC-P7 mass concrete,192.0000023841858
UE-M03-F02,LC-P2 LEVELING,112.00000286102295
UE-M03-F02,SMC-P12,492.0200123786926
UE-M04-C01A, IMC P14 P ,112.00000095367432
UE-M04-C01A, IMC P18 ,24.000000476837158
UE-M04-C01A, SMC P56 ,160.02000188827515
UE-M04-C01A, SMC P56P ,72.00000047683716
UE-M04-C01A,Grout,0.5
UE-M04-W08 , IMC P14 P ,160.1400032043457
UE-M04-W08 , SMC P56P ,208.20000457763672
UE-M04-W08 ,Grout,1.25
UE-M04-C01B, IMC P14 P ,94.08000373840332
UE-M04-C01B, SMC P56 ,96.04000425338745
UE-M04-C01B, SMC P56P ,56.060001850128174
UE-M04-C01B,Grout,0.5
UE-M04-C02, SMC P3 P ,40
UE-M04-C02,Grout,0.5
UE-M04-C02,SMC P11 P1,136.24000549316406
UE-M04-W01, SMC P3 P ,42
UE-M04-W01,Grout,1
UE-M04-W02, SMC P56P ,120.0400013923645
UE-M04-W02,Grout,1.25
UE-M04-W03, IMC P14 P ,16
UE-M04-W03, SMC P56 ,8
UE-M04-W03, SMC P56P ,200.00000095367432
UE-M04-W03,Grout,1
UE-M04-W04, IMC P14 P ,40
UE-M04-W04, SMC P56P ,112.02000045776367
UE-M04-W04,Grout,0.5
UE-M04-W05, IMC P14 P ,36
UE-M04-W05, SMC P56P ,139.0800018310547
UE-M04-W05,Grout,1
UE-M04-W06, IMC P14 P ,88
UE-M04-W06, SMC P56P ,96.20000457763672
UE-M04-W06,Grout,1
UE-M04-W07, IMC P14 P ,80.00000047683716
UE-M04-W07, SMC P56P ,120
UE-M04-W07,Grout,0.5
UE-M04-W09, IMC P14 P ,152.0200014
UE-M04-W09, SMC P56P ,208.00000286102295
UE-M04-W09,Grout,0.5
UE-M04-02, SMC P3 P ,16.040000915527344
UE-M04-02,SMC P11 P1,48.10000228881836
UE-M04-C03a,Grout,1
UE-M04-C03a,SMC-P11-P1,102.00000190734863
UE-M04-C03a,SMC-P15-P1,6
UE-M04-C04a,SMC-P11-P,100.00000047683716
UE-M04-C04b,Grout,2
UE-M04-C04b,SMC-P21,264.0000091
UE-M04-C0EC,Grout,1
UE-M04-C0EC,SMC-P11-P1,56.00000238418579
UE-M04-F01,IMC-P7 mass concrete,144.02000379562378
UE-M04-F01,SMC-P12,283.0000081062317
UE-M04-F02,IMC-P7 mass concrete,176.0000033378601
UE-M04-F02,SMC-P12,403.00000762939453
UE-M05-3 ,SMC P9,7
UE-M05-C01A, IMC P18 ,4
UE-M05-C01A, SMC P3 P ,328.0000014305115
UE-M05-C01A,Grout,1.25
UE-M05-C01A,IMC P7,316.00000047683716
UE-M05-C01A,IMC P9 P1,96
UE-M05-C01A,SMC-P3,112.00000143051147
UE-M05-C01B, IMC P14 P ,116.2500057220459
UE-M05-C01B, IMC P18 ,224.02000904083252
UE-M05-C01B, SMC P56 ,120.08000230789185
UE-M05-C01B, SMC P56P ,80.02000045776367
UE-M05-C01B,Grout,0.5
UE-M05-C02, SMC P56 ,32.000001430511475
UE-M05-C02, SMC P56P ,380.0600018501282
UE-M05-C02,Grout,0.5
UE-M05-C03a, IMC P18 ,8
UE-M05-C03a, SMC P56P ,216.16000366210938
UE-M05-C03a,Grout,1
UE-M05-C03b, SMC P56P ,260.25000619888306
UE-M05-C04b, SMC P56P ,356.1700096130371
UE-M05-C04b,Grout,2
UE-M05-W01, SMC P3 P ,88
UE-M05-W01,Grout,0.5
UE-M05-W02, SMC P3 P ,214.0100007
UE-M05-W03, SMC P3 P ,277
UE-M05-W03,Grout,1
UE-M05-W04, SMC P3 P ,317.08001136779785
UE-M05-W04,Grout,1
UE-M05-W05, SMC P3 P ,357
UE-M05-W05,Grout,0.5
UE-M05-W05,IMC P9 P1,14
UE-M05-W06, SMC P3 P ,274.00000047683716
UE-M05-W06,IMC P9 P1,56
UE-M05-W07, SMC P3 P ,451.0400028
UE-M05-W07,Grout,1.75
UE-M05-W07,IMC P9 P1,32
UE-M05-W08, IMC P18 ,192
UE-M05-W08, SMC P3 P ,402.0000014305115
UE-M05-W08,Grout,0.5
UE-M05-W09, IMC P18 ,280.0000009536743
UE-M05-W09, SMC P3 P ,392.0000023841858
UE-M05-W09,Grout,0.5
UE-M05,SMC P9,6
UE-M05-C03c, SMC P56P ,120.18000411987305
UE-M05-C03c,Grout,0.5
UE-M05-C04a, SMC P56P ,264.1400098800659
UE-M05-C04c, SMC P50 P ,8
UE-M05-C04c, SMC P56P ,128
UE-M05-C04c,Grout,0.5
UE-M05-F01, IMC P18 ,480.58002376556396
UE-M05-F01, SMC P56 ,648.2800242900848
UE-M05-F01, SMC P56P ,32.00000047683716
UE-M05-F02, IMC P18 ,280.0000023841858
UE-M05-F02, SMC P56 ,560.2300243377686
UE-M05-F03,IMC P7,184.22000694274902
UE-M05-F03,IMC-P9-P1,40.040000915527344
UE-M05-F03,SMC P3,408.68001890182495
UE-M05-F05,LC-P2 LEVELING,24.040000915527344
UE-M06-C01A, IMC P18 ,112.12000274658203
UE-M06-C01A, SMC P3 P ,152.18000411987305
UE-M06-C01A,Grout,0.5
UE-M06-C01A,IMC P9 P1,64
UE-M06-C01A,SMC-P3,64.00000047683716
UE-M06-C01B, IMC P18 ,96
UE-M06-C01B, SMC P3 P ,96
UE-M06-C01B,Grout,0.5
UE-M06-C01B,IMC P9 P1,24
UE-M06-C02, SMC P3 P ,192.00000047683716
UE-M06-C03a, SMC P56P ,116.19000434875488
UE-M06-C03a,Grout,1.25
UE-M06-C03b, SMC P56P ,116.18000602722168
UE-M06-C03b,Grout,0.75
UE-M06-C03c, SMC P56P ,56
UE-M06-C03c,Grout,0.75
UE-M06-C04a , IMC P14 P ,24.020000457763672
UE-M06-C04a , SMC P56P ,120.14000511169434
UE-M06-C04a ,Grout,1
UE-M06-C04b , IMC P14 P ,16
UE-M06-C04b , SMC P56P ,128.00000143051147
UE-M06-C04b ,Grout,0.75
UE-M06-C04c , SMC P56P ,64.00000047683716
UE-M06-C04c ,Grout,0.75
UE-M06-W01, SMC P3 P ,42
UE-M06-W02, SMC P3 P ,98
UE-M06-W02,Grout,0.5
UE-M06-W03, SMC P3 P ,115
UE-M06-W03,Grout,0.5
UE-M06-W04, SMC P3 P ,113.00000047683716
UE-M06-W04,Grout,0.5
UE-M06-W05, SMC P3 P ,119
UE-M06-W05,Grout,0.5
UE-M06-W05,IMC P9 P1,20
UE-M06-W06, SMC P3 P ,140
UE-M06-W06,Grout,0.5
UE-M06-W06,IMC P9 P1,15
UE-M06-W07, SMC P3 P ,193.1400032043457
UE-M06-W07,Grout,1
UE-M06-W07,IMC P9 P1,32
UE-M06-W08, IMC P18 ,112
UE-M06-W08, SMC P3 P ,120
UE-M06-W08,IMC P9 P1,8
UE-M06-W09, IMC P18 ,127
UE-M06-W09, SMC P3 P ,159.00000047683716
UE-M06-W09,Grout,0.5
UE-M06-W09,IMC P9 P1,7
UE-M06-W09,SMC-P3,16
UE-M06-F01, IMC P14 P ,304.0200014
UE-M06-F01, IMC P18 ,32
UE-M06-F01, SMC P56P ,72.04000139
UE-M06-F01, SMC-P50 ,152.00000047683716
UE-M06-F01,Grout,0.5
UE-M06-F02, IMC P14 P ,128.0400013923645
UE-M06-F02, IMC P18 ,32
UE-M06-F02, SMC P56 ,160.16000366210938
UE-M06-F02, SMC P56P ,160.0800028
UE-M06-F02,Grout,0.75
UE-M07-F01 , IMC P14 P ,96.18000411987305
UE-M07-F01 , IMC P18 ,188.14000749588013
UE-M07-F01 , SMC P56 ,456.2800168991089
UE-M07-F01 , SMC P56P ,380.1300063
UE-M07-F01 ,Grout,1
UE-M07-W08, IMC P18 ,172.00000095367432
UE-M07-W08, SMC P3 P ,326.0000009536743
UE-M07-W08,Grout,0.5
UE-M07-W08,IMC P9 P1,16
UE-M07-C01, IMC P14 P ,24
UE-M07-C01, SMC P3 P ,8
UE-M07-C01, SMC P56P ,16
UE-M07-C01A, IMC P14 P ,264.0400104522705
UE-M07-C01A, IMC P18 ,160.24000549316406
UE-M07-C01A, SMC P56 ,24
UE-M07-C01A, SMC P56P ,264.1500062942505
UE-M07-C01A,Grout,1
UE-M07-C01B, IMC P14 P ,200.04000186920166
UE-M07-C01B, IMC P18 ,168.02000045776367
UE-M07-C01B, SMC P56 ,72.06000137329102
UE-M07-C01B, SMC P56P ,96
UE-M07-C01B,Grout,0.5
UE-M07-C02, SMC P56 ,128.0800018310547
UE-M07-C02, SMC P56P ,288.1400046348572
UE-M07-C02,Grout,0.5
UE-M07-C03a, SMC P56P ,64
UE-M07-C03b, SMC P56P ,280.0200004577637
UE-M07-C03b,Grout,0.5
UE-M07-C03c, SMC P56P ,112
UE-M07-C03c,Grout,0.5
UE-M07-C04, SMC P56P ,8
UE-M07-C04a, SMC P56P ,476.2800154685974
UE-M07-C04a,Grout,0.75
UE-M07-C04b, SMC P56P ,224.0400059223175
UE-M07-C04c, SMC P56P ,96.02000093460083
UE-M07-C04c,Grout,0.5
UE-M07-F02,Grout,0.5
UE-M07-F02,IMC P12,24.000000953674316
UE-M07-F02,IMC P7,72.04000186920166
UE-M07-F02,IMC P9 P1,184.0000033378601
UE-M07-F02,SMC P11,64.02000093460083
UE-M07-F02,SMC P11 P1,488.08001613616943
UE-M07-W01, SMC P3 P ,112
UE-M07-W01,Grout,1
UE-M07-W02, SMC P3 P ,255.00000095367432
UE-M07-W02,Grout,1.5
UE-M07-W03, SMC P3 P ,243
UE-M07-W03,IMC P9 P1,7
UE-M07-W03,SMC-P3,8
UE-M07-W031, SMC P3 P ,8
UE-M07-W031,Grout,0.25
UE-M07-W04, SMC P3 P ,240.00000047683716
UE-M07-W04,Grout,1
UE-M07-W05, SMC P3 P ,320.0000023841858
UE-M07-W05,Grout,1
UE-M07-W06, SMC P3 P ,321.1400101184845
UE-M07-W06,Grout,1
UE-M07-W07, IMC P18 ,144.00000095367432
UE-M07-W07, SMC P3 P ,262.0000009536743
UE-M07-W07,Grout,1
UE-M07-W07 ,SMC-P3,16
UE-M07-W09, IMC P18 ,248.36001253128052
UE-M07-W09, SMC P3 P ,410.3400185108185
UE-M07-W09,Grout,0.5
UE-M07,SMC P9,12
UE-M07-W08, IMC P18 ,20
UE-M07-W08, SMC P3 P ,16
UE-M08-C01A, IMC P23 P ,80.02000141143799
UE-M08-C01A, SMC P3 P ,144.0000023841858
UE-M08-C01A,Grout,1
UE-M08-C01A,IMC P7,184.0000023841858
UE-M08-C01A,SMC-P3,208.02000331878662
UE-M08-C01, SMC P3 P ,208.22000885009766
UE-M08-C01,Grout,1
UE-M08-C01,IMC P9 P1,120.02000379562378
UE-M08-C01B,IMC P7,88.22000503540039
UE-M08-C01B,SMC-P3,12
UE-M08-C02,Grout,0.5
UE-M08-C02,SMC P11 P1,288.7200164794922
UE-M08-W01, SMC P3 P ,75.00000047683716
UE-M08-W01,Grout,1
UE-M08-W03, SMC P56P ,184.34000778198242
UE-M08-W03,Grout,1
UE-M08-W04, SMC P56P ,200.1400089263916
UE-M08-W04,Grout,0.5
UE-M08-W05, IMC P14 P ,8
UE-M08-W05, SMC P56P ,248.1000075340271
UE-M08-W05,Grout,1.5
UE-M08-W06, IMC P14 P ,32
UE-M08-W06, SMC P56P ,216.10000324249268
UE-M08-W06,Grout,1
UE-M08-W07, IMC P14 P ,48
UE-M08-W07, SMC P56P ,248.00000190734863
UE-M08-W07,Grout,0.75
UE-M08-W08, IMC P14 P ,88.00000047683716
UE-M08-W08, SMC P56P ,377.0500087738037
UE-M08-W08,Grout,1
UE-M08-W09, IMC P14 P ,152.0800018310547
UE-M08-W09, SMC P50 P ,316.1900098323822
UE-M08-W09,Grout,2
UE-M08-C03A,IMC P7,48.080002307891846
UE-M08-C03A,SMC P3,112.12000608444214
UE-M08-C03A,SMC-P3,16.000000476837158
UE-M08-C03B,IMC P7,12
UE-M08-C03B,SMC P11,192.0000023841858
UE-M08-C03B,SMC P28,8
UE-M08-C03C,SMC-P3,83.00000429153442
UE-M08-C04A,SMC-P11-P1,152.32000732421875
UE-M08-C04B,IMC P7,20
UE-M08-C04B,SMC-P11,168.00000619888306
UE-M08-C04B,SMC-P12,16.000000476837158
UE-M08-C04C,SMC P3,80.00000429153442
UE-M08-F01,IMC P7,300.1800103187561
UE-M08-F01,SMC-P11-P1,8
UE-M08-F01,SMC-P12,552.2800207138062
UE-M08-F02,IMC P7,152.00000524520874
UE-M08-F02,SMC P9,32.000000953674316
UE-M08-F02,SMC-P12,708.7700307369232
UE-M08-W02, SMC P56P ,184.0200023651123
UE-M08-W02,Grout,1
UE-M09-C01A,IMC-P7 mass concrete,72.00000095367432
UE-M09-C01A,SMC-P11-P1,8
UE-M09-C01A,SMC-P12,536.1400213241577
UE-M09-C01A,SMC-P15-P1,8
UE-M09-C01B,IMC-P7 mass concrete,120.00000286102295
UE-M09-C01B,SMC-P12,304.16001081466675
UE-M09-C02,SMC-P12,310.0400056838989
UE-M09-C03A,SMC-P11,192
UE-M09-C03C,SMC-P11,80
UE-M09-C04A,SMC-P11,240.0000023841858
UE-M09-C04B,SMC-P12,208.00000143051147
UE-M09-C04C,SMC-P11,101.92000198364258
UE-M09-F01,IMC-P7 mass concrete,424.00000953674316
UE-M09-F01,LC-P2 LEVELING,4
UE-M09-F01,SMC-P11,487.9000139
UE-M09-F02,IMC-P1 mass concrete,248.0100061893463
UE-M09-F02,IMC-P7 mass concrete,14.000000476837158
UE-M09-F02,SMC-P11,412.1500141620636
UE-M09-W01, SMC P3 P ,24.000000476837158
UE-M09-W01,Grout,0.5
UE-M09-W01,IMC-P9-P1,8
UE-M09-W01,SMC-P11-P1,56.04000186920166
UE-M09-W02,IMC P7,24
UE-M09-W02,SMC-P12,148.04000425338745
UE-M09-W03,IMC P7,32
UE-M09-W03,SMC-P11,165.0000033378601
UE-M09-W04,IMC P7,32
UE-M09-W04,SMC-P12,184.10000705718994
UE-M09-W05,IMC P7,40.04000139
UE-M09-W05,SMC-P12,248.0600094795227
UE-M09-W06,IMC P7,72.02000188827515
UE-M09-W06,SMC-P12,184.16000699996948
UE-M09-W07,Grout,1
UE-M09-W07,IMC-P7 mass concrete,104.03000211715698
UE-M09-W07,LEAN BOMBEABLE,8
UE-M09-W07,SMC-P12,237.06000566482544
UE-M09-W08,IMC-P7 mass concrete,120.00000143051147
UE-M09-W08,SMC-P12,288.0600075721741
UE-M09-W09,IMC-P7 mass concrete,192.04000759124756
UE-M09-W09,SMC-P12,356.0200152397156
UE-M10-C03c ,SMC-P11,112.00000190734863
UE-M10-C01A,IMC P7,208.00000381469727
UE-M10-C01A,SMC-P11,32
UE-M10-C01A,SMC-P12,358.0400094985962
UE-M10-C01B,IMC-P7 mass concrete,128.00000190734863
UE-M10-C01B,SMC-P12,216.10000610351562
UE-M10-C02,SMC-P12,352.00001192092896
UE-M10-C03A,SMC-P11,176.00000190734863
UE-M10-C03b,SMC-P12,240.0200057029724
UE-M10-C03b,SMC-P21,8
UE-M10-C04A,SMC-P11,252.0100028514862
UE-M10-C04B,SMC-P21,168.00000047683716
UE-M10-C04c ,SMC-P11,88.00000047683716
UE-M10-F01,IMC-P7 mass concrete,479.94001293182373
UE-M10-F01,SMC-P11,464.18001413345337
UE-M10-F01B,SMC-P12,40.000000953674316
UE-M10-F02,IMC-P7 mass concrete,254.50000715255737
UE-M10-F02,SMC-P11,448.0200161933899
UE-M10-P04A,SMC-P21,32.00000047683716
UE-M10-P04B,SMC-P21,8
UE-M10-W01,SMC-P11,79.1400032
UE-M10-W02,IMC-P9-P1,8.020000457763672
UE-M10-W02,SMC-P12,168.18000864982605
UE-M10-W03,IMC P7,44
UE-M10-W03,SMC-P12,128.00000381469727
UE-M10-W03,SMC-P15,16.000000476837158
UE-M10-W04,IMC P12,8
UE-M10-W04,IMC P7,40.00000047683716
UE-M10-W04,SMC-P12,176.180007
UE-M10-W05,IMC P7,72.16000366210938
UE-M10-W05,SMC-P12,198.1800093650818
UE-M10-W06,Grout,1
UE-M10-W06,IMC P7,43.98000097
UE-M10-W06,SMC-P11-P1,80.00000095367432
UE-M10-W06,SMC-P12,72.00000286102295
UE-M10-W07,IMC P7,88.02000237
UE-M10-W07,SMC-P12,258.0400071144104
UE-M10-W08,IMC P7,128.00000047683716
UE-M10-W08,SMC-P12,272.0400047302246
UE-M10-W09,IMC P7,96.00000286102295
UE-M10-W09,SMC-P12,448.06001472473145
UE-M11-C01A,IMC-P7 mass concrete,32
UE-M11-C01A,SMC-P12,232.0400037765503
UE-M11-C01B,SMC-P12,164.05000734329224
UE-M11-C02,SMC-P12,192.08000469207764
UE-M11-C03A,SMC-P12,80.08000326156616
UE-M11-C03b,SMC-P12,40
UE-M11-C03C,SMC-P11,36
UE-M11-C04A,SMC-P12,74.04000091552734
UE-M11-C04B,SMC-P12,98.00000047683716
UE-M11-C04c,SMC-P11,40
UE-M11-C04c,SMC-P12,8
UE-M11-CO3B,SMC-P12,56.06000232696533
UE-M11-F01,IMC-P7 mass concrete,124.00000047683716
UE-M11-F01,SMC-P11,272.02000427246094
UE-M11-F02,IMC-P7 mass concrete,96.00000143051147
UE-M11-F02,SMC-P11,235.00000190734863
UE-M11-W01,SMC-P12,39.00000047683716
UE-M11-W02,IMC P7,8
UE-M11-W02,SMC-P11,56.000001430511475
UE-M11-W03,IMC P7,40
UE-M11-W03,SMC-P12,52.00000047683716
UE-M11-W04,IMC P7,40.060001850128174
UE-M11-W04,SMC-P12,83.12000370025635
UE-M11-W05,IMC P7,32.02000093460083
UE-M11-W05,SMC-P12,75.00000238418579
UE-M11-W06,IMC-P7 mass concrete,32
UE-M11-W06,SMC-P12,88.04000186920166
UE-M11-W07,IMC-P7 mass concrete,56.000001430511475
UE-M11-W07,SMC-P12,92.00000095367432
UE-M11-W08,IMC-P7 mass concrete,40
UE-M11-W08,SMC-P12,131.97000122070312
UE-M11-W09,IMC-P7 mass concrete,88.00000095367432
UE-M11-W09,SMC-P12,144.00000190734863
UE-M11-W18,SMC-P12,12.030000686645508
UE-M12-C01A, IMC P14 P ,288.10001134872437
UE-M12-C01A, SMC P56P ,408.00001096725464
UE-M12-C01A,Grout,2
UE-M12-C01B, IMC P14 P ,272.22001123428345
UE-M12-C01B, SMC P56P ,128.02000284194946
UE-M12-C01B,Grout,1
UE-M12-C02,Grout,1
UE-M12-C02,IMC P9 P1,8
UE-M12-C02,SMC P11 P1,328.00000619888306
UE-M12-W01, SMC P3 P ,72.00000143051147
UE-M12-W02, IMC P18 ,16.000000476837158
UE-M12-W02, SMC P56P ,187.1000042
UE-M12-W02,Grout,0.75
UE-M12-W03, IMC P14 P ,8
UE-M12-W03, SMC P56P ,200.10000467300415
UE-M12-W03,Grout,0.5
UE-M12-W04, SMC P56P ,224.04000091552734
UE-M12-W05, IMC P14 P ,72
UE-M12-W05, SMC P56P ,187.00000095367432
UE-M12-W05,Grout,0.75
UE-M12-W06, IMC P14 P ,72
UE-M12-W06, SMC P3 P ,8
UE-M12-W06, SMC P56 ,16
UE-M12-W06, SMC P56P ,300.06000661849976
UE-M12-W06,Grout,2.5
UE-M12-W07, IMC P14 P ,184.00000047683716
UE-M12-W07, SMC P56P ,224.1200032234192
UE-M12-W07,Grout,1
UE-M12-W08, IMC P14 P ,200.10000228881836
UE-M12-W08, SMC P50 P ,280.1400055885315
UE-M12-W08,Grout,1
UE-M12-W09, IMC P14 P ,248.06000185012817
UE-M12-W09, SMC P50 P ,8
UE-M12-W09, SMC P56P ,288.0800075531006
UE-M12-W09,Grout,2.5
UE-M12 F01 ,IMC-P7 mass concrete,112.00000143051147
UE-M12 F01 ,SMC-P12,579.0000114440918
UE-M12-C01C,Grout,1
UE-M12-C01C,SMC-P11-P1,23
UE-M12-C03A,SMC-P12,184.00000381469727
UE-M12-C03B,IMC-P7 mass concrete,48
UE-M12-C03B,SMC-P12,170.00000381469727
UE-M12-C03C,SMC-P12,160.00000143051147
UE-M12-C04A,SMC-P12,180.12000370025635
UE-M12-C04B,IMC-P7 mass concrete,40
UE-M12-C04B,SMC-P12,141.00000381469727
UE-M12-C04C,SMC-P11,152.00000548362732
UE-M12-F01A,Grout,1
UE-M12-F01A,IMC-P7 mass concrete,360.0000071525574
UE-M12-F01A,SMC-P11-P1,67.06000280380249
UE-M12-F01A,SMC-P12,693.0000224113464
UE-M12-F01B,Grout,0.5
UE-M12-F01B,SMC-P11-P1,56.00000190734863
UE-M12-F01B,SMC-P12,39.04000186920166
UE-M12-F01C,SMC-P11-P1,47
UE-M13-C01A, IMC P14 P ,288.3200078010559
UE-M13-C01A, SMC P56P ,632.2400102615356
UE-M13-C01A,Grout,1.5
UE-M13-C01B, IMC P14 P ,408.04001545906067
UE-M13-C01B, SMC P56P ,200.18000507354736
UE-M13-C01B,Grout,2
UE-M13-W01, SMC P3 P ,63.00000047683716
UE-M13-W02, SMC P56P ,152
UE-M13-W02,Grout,0.5
UE-M13-W03, SMC P56P ,192.06000590324402
UE-M13-W03,Grout,0.5
UE-M13-W04, IMC P14 P ,8
UE-M13-W04, SMC P56P ,264.0600028038025
UE-M13-W04,Grout,1.25
UE-M13-W05, IMC P14 P ,16
UE-M13-W05, SMC P56P ,276.0600028038025
UE-M13-W05,Grout,1.25
UE-M13-W06, IMC P14 P ,112.00000047683716
UE-M13-W06, SMC P56P ,176.06000232696533
UE-M13-W06,Grout,1.25
UE-M13-W07, IMC P14 P ,136.16000366210938
UE-M13-W07, SMC P56P ,232.24000597000122
UE-M13-W07,Grout,1
UE-M13-W08, IMC P14 P ,184.08000230789185
UE-M13-W08, SMC P50 P ,48.00000047683716
UE-M13-W08, SMC P56P ,216.2200050354004
UE-M13-W08,Grout,2
UE-M13-W09, IMC P14 P ,232.10000324249268
UE-M13-W09, SMC P50 P ,8
UE-M13-W09, SMC P56P ,256.1200032234192
UE-M13-W09,Grout,1
UE-M13-C02, IMC P14 P ,24.000000953674316
UE-M13-C02, SMC P50 P ,24.000000953674316
UE-M13-C02, SMC P56P ,448.0000104904175
UE-M13-C02,Grout,1
UE-M13-C03A,Grout,1
UE-M13-C03A,SMC-P11-P1,256.0000071525574
UE-M13-C03B,IMC P7,80.00000143051147
UE-M13-C03B,SMC-P11,232.00000858306885
UE-M13-C03C,Grout,1
UE-M13-C03C,LC-P2 LEVELING,8
UE-M13-C03C,SMC P9,16.040000915527344
UE-M13-C03C,SMC-P11-P1,64.00000333786011
UE-M13-C03C,SMC-P12,78.02000045776367
UE-M13-C03C,SMC-P15,16.000000476837158
UE-M13-C04A,Grout,1
UE-M13-C04A,SMC-P11-P1,216.00000095367432
UE-M13-C04b,IMC P7,80.00000238418579
UE-M13-C04b,SMC-P11,216.02000856399536
UE-M13-C04C,Grout,1
UE-M13-C04C,SMC-P11,8
UE-M13-C04C,SMC-P11-P1,72.00000333786011
UE-M13-C04C,SMC-P12,72.00000047683716
UE-M13-F01,SMC-P12,92.00000143051147
UE-M13-F01a,Grout,2
UE-M13-F01a,SMC-P21,176.06000566482544
UE-M13-F01b,IMC-P7 mass concrete,56.00000190734863
UE-M13-F01b,SMC-P12,248.16000986099243
UE-M13-F01C,Grout,1
UE-M13-F01C,SMC-P11-P1,36
UE-M13-F01CS,Grout,1
UE-M13-F01CS,SMC-P11-P1,32.000001430511475
UE-M13-F02,IMC-P7 mass concrete,156.13000297546387
UE-M13-F02,SMC-P12,760.2000274658203
UE-M13-F02,SMC-P18,58.000000953674316
UE-M13-F03,IMC-P7 mass concrete,232.00000762939453
UE-M13-F03,SMC-P11,772.0200190544128
UE-M14-C01B, IMC P14 P ,184.14000368118286
UE-M14-C01B, SMC P56P ,248.10000801086426
UE-M14-C01B,Grout,0.5
UE-M14-W06, IMC P14 P ,80.02000093460083
UE-M14-W06, SMC P56P ,224.16000509262085
UE-M14-W06,Grout,2
UE-M14-C01A, IMC P14 P ,320.5400171279907
UE-M14-C01A, SMC P56P ,334.5000162124634
UE-M14-C01A,Grout,0.5
UE-M14-C02, SMC P56P ,360.2200083732605
UE-M14-C02,Grout,0.5
UE-M14-W01, SMC P3 P ,58
UE-M14-W01,Grout,0.5
UE-M14-W02, SMC P56P ,168.02000093460083
UE-M14-W02,Grout,0.5
UE-M14-W03, IMC P14 P ,24
UE-M14-W03, SMC P56P ,212.22000694274902
UE-M14-W03,Grout,2
UE-M14-W04, IMC P14 P ,24
UE-M14-W04, SMC P56P ,236.1300072669983
UE-M14-W04,Grout,1
UE-M14-W05, IMC P14 P ,64
UE-M14-W05, SMC P56P ,264.0800018310547
UE-M14-W05,Grout,1
UE-M14-W07, IMC P14 P ,94
UE-M14-W07, SMC P50 P ,16
UE-M14-W07, SMC P56P ,240.00000047683716
UE-M14-W07,Grout,1
UE-M14-W08, IMC P14 P ,176.12000274658203
UE-M14-W08, SMC P56P ,248.12000274658203
UE-M14-W08,Grout,0.5
UE-M14-W09, IMC P14 P ,232.00000095367432
UE-M14-W09, SMC P56P ,480.0200037956238
UE-M14-W09,Grout,4.75
UE-M14-C03A,SMC-P11-P1,171.180007
UE-M14-C03C,Grout,0.5
UE-M14-C03C,SMC-P11-P1,152.00000667572021
UE-M14-C04A,SMC-P11-P1,160.0200057029724
UE-M14-C04B,IMC-P7 mass concrete,32
UE-M14-C04B,SMC-P11-P1,8
UE-M14-C04B,SMC-P12,174.10000610351562
UE-M14-C04C,Grout,1
UE-M14-C04C,SMC-P11-P1,144.06000232696533
UE-M14-C04C,SMC-P12,8
UE-M14-CO2C,IMC P7,8
UE-M14-CO2C,SMC-P12,24.000000953674316
UE-M14-CO3B,IMC P7,24
UE-M14-CO3B,SMC-P12,144.0200047492981
UE-M14-F01,IMC-P7 mass concrete,152.00000047683716
UE-M14-F01,SMC-P12,560.2400140762329
UE-M14-F01A,Grout,1
UE-M14-F01A,SMC-P11-P1,72.00000333786011
UE-M14-F01B,SMC-P11-P1,40
UE-M14-F01C,SMC-P11-P1,16
UE-M14-F02,IMC-P7 mass concrete,384.12001180648804
UE-M14-F02,SMC-P11,8
UE-M14-F02,SMC-P12,678.1800132
UE-M15-W01, SMC P3 P ,55
UE-M15-W01,Grout,1
UE-M15-C01A,Grout,3
UE-M15-C01A,IMC-P9-P1,160.1000075340271
UE-M15-C01A,SMC P9,56.00000238418579
UE-M15-C01A,SMC-P11-P1,306.1600122451782
UE-M15-C01B,Grout,1
UE-M15-C01B,SMC-P11-P1,384.0800132751465
UE-M15-C02,Grout,0.5
UE-M15-C02,SMC-P11-P1,264.0600037574768
UE-M15-C02C,Grout,1
UE-M15-C03A,Grout,1
UE-M15-C03A,SMC-P21,168.08000564575195
UE-M15-C03B,IMC-P7 mass concrete,40.00000047683716
UE-M15-C03B,SMC-P12,120.00000143051147
UE-M15-C03C,SMC-P11-P1,64.00000190734863
UE-M15-C04A,IMC-P7 mass concrete,8.020000457763672
UE-M15-C04A,SMC-P12,16.000000476837158
UE-M15-C04A,SMC-P21,160.06000566482544
UE-M15-C04B,SMC-P21,168
UE-M15-C04C,Grout,1
UE-M15-C04C,SMC-P21,72.10000228881836
UE-M15-F01,IMC-P7 mass concrete,184.00000524520874
UE-M15-F01,SMC-P12,502.04001808166504
UE-M15-F02,IMC-P7 mass concrete,136.04000329971313
UE-M15-F02,SMC-P11,408.02000999450684
UE-M15-W02,Grout,0.5
UE-M15-W02,IMC-P9-P1,5
UE-M15-W02,SMC-P11-P1,128.00000524520874
UE-M15-W03,Grout,0.5
UE-M15-W03,IMC-P9-P1,40.000000953674316
UE-M15-W03,SMC-P11-P1,136.14000749588013
UE-M15-W04,IMC-P9-P1,32
UE-M15-W04,SMC P9,133.04000568389893
UE-M15-W05,IMC-P9-P1,61.00000047683716
UE-M15-W05,SMC P9,174.06000423431396
UE-M15-W06,Grout,0.5
UE-M15-W06,IMC-P9-P1,32.02000045776367
UE-M15-W06,SMC P9,194.00000953674316
UE-M15-W07,Grout,1
UE-M15-W07,IMC-P9-P1,61
UE-M15-W07,SMC-P11-P1,220.04000234603882
UEM15-W08,IMC-P9-P1,24.000000953674316
UE-M15-W09,Grout,1
UE-M15-W09,IMC-P9-P1,184.14000844955444
UE-M15-W09,SMC-P11-P1,219.14001035690308
UE-M16-W01, SMC P3 P ,49
UE-M16-W01,Grout,0.5
UE-M16-C01A,SMC-P11-P1,50.02000093460083
UE-M16-C01B,Grout,1
UE-M16-C01B,SMC-P11-P1,225.10000562667847
UE-M16-C02,SMC-P11-P1,164
UE-M16-C03A,IMC-P7 mass concrete,8
UE-M16-C03A,SMC-P11,120.00000095367432
UE-M16-C03b,SMC-P11,150.00000047683716
UE-M16-C03C,SMC-P11,58
UE-M16-C04A,Grout,1
UE-M16-C04A,MASIVO BOMBEABLE,128.0000023841858
UE-M16-C04A,MASIVO BOMBEBLE,8
UE-M16-C04A,SMC-P11,130.56000232696533
UE-M16-C04A,SMC-P11-P1,205.00000190734863
UE-M16-C04b,IMC-P7 mass concrete,16
UE-M16-C04b,SMC-P11,147.0400037765503
UE-M16-C04c ,SMC-P11,51.00000047683716
UE-M16-F01,IMC-P7 mass concrete,224.04000520706177
UE-M16-F01,SMC-P11,352.10000801086426
UE-M16-F02,IMC-P7 mass concrete,152.00000524520874
UE-M16-F02,SMC-P11,281.0600085258484
UE-M16-W02,Grout,0.5
UE-M16-W02,IMC-P9-P1,24.060001373291016
UE-M16-W02,SMC-P11-P1,80.00000333786011
UE-M16-W03,Grout,0.5
UE-M16-W03,IMC-P9-P1,24.061001373338513
UE-M16-W03,SMC-P11-P1,96.14000368118286
UE-M16-W04,IMC-P9-P1,16
UE-M16-W04,SMC-P11-P1,96.24000549316406
UE-M16-W05,Grout,2
UE-M16-W05,IMC-P9-P1,64.1400032
UE-M16-W05,SMC-P11-P1,152.12000703811646
UE-M16-W06,Grout,0.5
UE-M16-W06,IMC-P9-P1,16.040000915527344
UE-M16-W06,SMC-P11-P1,64.1400032
UE-M16-W07,Grout,0.5
UE-M16-W07,IMC-P9-P1,53
UE-M16-W07,SMC P9,177.00000047683716
UE-M16-W08,Grout,0.5
UE-M16-W08,IMC-P9-P1,72
UE-M16-W08,SMC P9,192.06000566482544
UE-M16-W08,SMC-P11,24.060001373291016
UE-M16-W09,Grout,0.5
UE-M16-W09,IMC-P9-P1,95.12000370025635
UE-M16-W09,SMC P9,211.00000619888306
UE-M17-W01, SMC P3 P ,104.00000047683716
UE-M17-W01,Grout,0.5
UE-M17-W02, IMC P14 P ,8
UE-M17-W02, SMC P56P ,200.16000413894653
UE-M17-W02,Grout,0.5
UE-M17-W03, IMC P14 P ,60.08000183105469
UE-M17-W03, SMC P56P ,208.2200050354004
UE-M17-W03,Grout,1
UE-M17-W04, IMC P14 P ,48
UE-M17-W04, SMC P56P ,264.08000326156616
UE-M17-W04,Grout,1
UE-M17-W05, IMC P14 P ,40
UE-M17-W05, SMC P56P ,344.0000023841858
UE-M17-W05,Grout,1
UE-M17-W06, IMC P14 P ,88
UE-M17-W06, SMC P56P ,290.2200050354004
UE-M17-W06,Grout,1
UE-M17-W08, IMC P14 P ,240.44001054763794
UE-M17-W08, IMC P18 ,8
UE-M17-W08, SMC P56P ,352.34001564979553
UE-M17-W08,Grout,2.5
UE-M17-W09 , IMC P14 P ,288.4400119781494
UE-M17-W09 , IMC P18 ,8
UE-M17-W09 , SMC P56P ,400.4800169467926
UE-M17-W09 ,Grout,1.5
UE-M17-C01A,Grout,1
UE-M17-C01A,IMC-P9-P1,432.3600215911865
UE-M17-C01A,SMC-P11-P1,448.2600234
UE-M17-C01B,Grout,2.5
UE-M17-C01B,IMC-P7 mass concrete,320.0400037765503
UE-M17-C01B,IMC-P9-P1,288.4100151062012
UE-M17-C01B,SMC-P11-P1,251.32001209259033
UE-M17-C01B,SMC-P12,636.0800113677979
UE-M17-C02,Grout,1.5
UE-M17-C02,SMC-P11-P1,452.2300202846527
UE-M17-C03 b,IMC P7,64.08000183105469
UE-M17-C03 b,SMC-P12,224.22000885009766
UE-M17-C03 c,Grout,0.5
UE-M17-C03 c,SMC-P11-P1,96.00000381469727
UE-M17-C03A,Grout,1
UE-M17-C03A,SMC P9,222.07000494003296
UE-M17-C04 a,Grout,1
UE-M17-C04 a,SMC-P11-P1,228.0000091
UE-M17-C04 b,Grout,2
UE-M17-C04 b,SMC P9,301.46001148223877
UE-M17-C04 b,SMC-P15-P1,8.020000457763672
UE-M17-C04 c,SMC-P11-P1,104.22000503540039
UE-M17-CO2C,LC-P2 LEVELING,8
UE-M17-CO2C,SMC-P11-P1,16.040000915527344
UE-M17-F01,Grout,1
UE-M17-F01,IMC P7,320.2000136375427
UE-M17-F01,IMC-P9-P1,16
UE-M17-F01,SMC-P11,578.2200212478638
UE-M17-F01,SMC-P11-P1,192.02000284194946
UE-M17-F01A,Grout,0.5
UE-M17-F01A,SMC-P11-P1,32.000000953674316
UE-M17-F01C,Grout,1
UE-M17-F01C,SMC-P11-P1,24
Ue-M17-F03,IMC-P7 mass concrete,168.0000033378601
Ue-M17-F03,SMC-P11-P1,32.000001430511475
Ue-M17-F03,SMC-P12,408.0800132751465
UE-M17-W07, IMC P14 P ,168.24000549316406
UE-M17-W07, SMC P56P ,312.2400119304657
UE-M17-W07,Grout,2
UE-M17-W07,SMC-P3,8
UE-M18-C01A,IMC P7,104.00000333786011
UE-M18-C01A,SMC-P3,264.12000703811646
UE-M18-C01B,Grout,1.5
UE-M18-C01B,IMC P9 P1,112.00000381469727
UE-M18-C01B,SMC P11 P1,188.04000425338745
UE-M18-C02,Grout,1
UE-M18-C02,SMC P11 P1,189.20000910758972
UE-M18-W01, SMC P3 P ,38
UE-M18-W01,Grout,1
UE-M18-W03, SMC P56P ,160.1000042
UE-M18-W03,Grout,1.5
UE-M18-W04, SMC P56P ,124.10000658035278
UE-M18-W04,Grout,0.5
UE-M18-W06, IMC P14 P ,32
UE-M18-W06, SMC P56P ,128.00000095367432
UE-M18-W06,Grout,0.5
UE-M18-W07, IMC P14 P ,48
UE-M18-W07, SMC P56P ,184.12000727653503
UE-M18-W07,Grout,0.5
UE-M18-W08, IMC P14 P ,104.02000045776367
UE-M18-W08, SMC P56P ,152
UE-M18-W08,Grout,0.5
UE-M18-W09, IMC P23 P ,112.02000188827515
UE-M18-W09, SMC P3 P ,248.10000658035278
UE-M18-W09, SMC P31 ,16
UE-M18-W09,Grout,1
UE-M18-C03A,SMC-P3,106
UE-M18-C03B,Grout,0.5
UE-M18-C03B,SMC P11 P1,112.00000476837158
UE-M18-C04A,SMC-P11-P1,100.00000095367432
UE-M18-C04B,Grout,0.5
UE-M18-C04B,IMC P9 P1,16.040000915527344
UE-M18-C04B,SMC P11 P1,112.00000429153442
UE-M18-C04C,SMC-P11-P1,48.00000190734863
UE-M18-F01,IMC P7,128.00000429153442
UE-M18-F01,IMC-P9-P1,64.06000280380249
UE-M18-F01,SMC P9,96.00000476837158
UE-M18-F01,SMC-P12,216.24000883102417
UE-M18-F01,SMC-P15,40.10000228881836
UE-M18-F02,IMC P7,128.06000471115112
UE-M18-F02,SMC-P12,312.10001373291016
UE-M18-W02, SMC P56P ,108.00000095367432
UE-M18-W02,Grout,0.75
UE-M18-W05, SMC P56P ,158.08000230789185
UE-M18-W05,Grout,0.5
UE-M19-W08, IMC P14 P ,160.00000429153442
UE-M19-W08, SMC P3 P ,8
UE-M19-W08, SMC P56P ,408.1600122451782
UE-M19-W08,Grout,2.25
UE-M19-C01A, IMC P14 P ,136.06000185012817
UE-M19-C01A, IMC P18 ,176.06000137329102
UE-M19-C01A, SMC P56 ,104
UE-M19-C01A, SMC P56P ,312.0600047111511
UE-M19-C01A, SMC-P50 ,16
UE-M19-C01A,Grout,1.5
UE-M19-C01B, IMC P14 P ,288.24001002311707
UE-M19-C01B, IMC P18 ,112.0400013923645
UE-M19-C01B, SMC P56 ,56.02000045776367
UE-M19-C01B, SMC P56P ,112.26000595092773
UE-M19-C01B,Grout,1.5
UE-M19-C02, IMC P14 P ,8
UE-M19-C02, IMC P18 ,16
UE-M19-C02, SMC P50 P ,312.0000023841858
UE-M19-C02, SMC-P50 ,96.00000047683716
UE-M19-C02,Grout,0.75
UE-M19-C02,SMC P11,16.000000476837158
UE-M19-C03b, SMC P56P ,258.1800045967102
UE-M19-C03b,Grout,0.75
UE-M19-C03A, SMC P3 P ,262.6200141906738
UE-M19-C03A,Grout,0.5
UE-M19-C03C, SMC P3 P ,20.020000457763672
UE-M19-C03C, SMC P56P ,136.0000045
UE-M19-C03C,Grout,1.25
UE-M19-C04b, SMC P56P ,256.18000864982605
UE-M19-C04b,Grout,0.5
UE-M19-C04A,IMC P7,40.00000047683716
UE-M19-C04A,SMC P11,200.02000379562378
UE-M19-C04C, SMC P3 P ,64.10000228881836
UE-M19-C04C,Grout,1.5
UE-M19-F01,IMC P7,440.08001613616943
UE-M19-F01,SMC P15 P1,16.040000915527344
UE-M19-F01,SMC-P3,700.1700305938721
UE-M19-W01, SMC P3 P ,115.00000047683716
UE-M19-W01, SMC P56P ,8
UE-M19-W02 , SMC P56P ,264.2200059890747
UE-M19-W02 ,Grout,1
UE-M19-W03 , IMC P18 ,3
UE-M19-W03 , SMC P3 P ,8
UE-M19-W03, SMC P56P ,288.0800042152405
UE-M19-W03,Grout,0.5
UE-M19-W04, SMC P56P ,240.1600046157837
UE-M19-W04,Grout,1
UE-M19-W05, SMC P56P ,360.08000802993774
UE-M19-W05,Grout,0.75
UE-M19-W07, IMC P14 P ,16
UE-M19-W07, SMC P56P ,448.2000150680542
UE-M19-W07,Grout,1
UE-M19-W09, IMC P14 P ,168.00000095367432
UE-M19-W09, SMC P56P ,493.24001955986023
UE-M19-W09,Grout,1
UE-M19-F02,IMC P7,272.0000071525574
UE-M19-F02,SMC-P3,484.04001808166504
UE-M20-C01A, IMC P14 P ,192.04000186920166
UE-M20-C01A, IMC P18 ,72.10000276565552
UE-M20-C01A, SMC P56P ,328.1400074958801
UE-M20-C01A,Grout,0.5
UE-M20-C01B, IMC P14 P ,232.40001153945923
UE-M20-C01B, IMC P18 ,84.17000389099121
UE-M20-C01B, SMC P56 ,24
UE-M20-C01B, SMC P56P ,80.00000095367432
UE-M20-C01B,Grout,0.5
UE-M20-C02,Grout,0.5
UE-M20-C02,IMC P9 P1,40
UE-M20-C02,SMC P11 P1,240.00000286102295
UE-M20-W06, IMC P18 ,112
UE-M20-W06, SMC P56 ,132.00000095367432
UE-M20-W06, SMC P56P ,8
UE-M20-W08, IMC P18 ,88.06000185012817
UE-M20-W08, SMC P56 ,184.20000505447388
UE-M20-W08, SMC P56P ,120.10000658035278
UE-M20-W08,Grout,0.5
UE-M20-W01, SMC P3 P ,86.00000047683716
UE-M20-W01,Grout,0.5
UE-M20-W02, IMC P18 ,16
UE-M20-W02, SMC P56 ,152.08000230789185
UE-M20-W03, IMC P18 ,24
UE-M20-W03, SMC P56 ,168.0000045
UE-M20-W04, IMC P14 P ,8
UE-M20-W04, IMC P18 ,40
UE-M20-W04, SMC P56 ,160.00000047683716
UE-M20-W05, IMC P18 ,56
UE-M20-W05, SMC P56 ,192.00000095367432
UE-M20-W07, IMC P18 ,144.02000498771667
UE-M20-W07, SMC P56 ,120.10000228881836
UE-M20-W07, SMC P56P ,152.18000411987305
UE-M20-W07,Grout,1
UE-M20-W09, IMC P14 P ,24
UE-M20-W09, IMC P18 ,144
UE-M20-W09, SMC P56 ,128.00000047683716
UE-M20-W09, SMC P56P ,188.02000498771667
UE-M20-W09,Grout,0.5
UE-M20-C03,SMC-P11-P1,96.02000141143799
UE-M20-C03A, SMC P56 ,8
UE-M20-C03A,Grout,1
UE-M20-C03A,SMC-P11-P1,179.15000820159912
UE-M20-C03B,SMC P9,190.32000923156738
UE-M20-C04A,SMC-P11-P1,168.18000888824463
UE-M20-C04B,SMC-P11,168.4200096130371
UE-M20-C04C,SMC-P11-P1,80.00000429153442
UE-M20-F01,IMC P7,200.0200057029724
UE-M20-F01,SMC-P12,368.08001136779785
UE-M20-F01A,SMC-P12,24.000000953674316
UE-M20-F01B,SMC-P11-P1,32.08000183105469
UE-M20-F02,IMC-P7 mass concrete,168.00000381469727
UE-M20-F02,SMC-P11,352.1000075340271
UE-M20-F02,SMC-P12,288.0200080871582
UE-M21-W08, IMC P18 ,144.1400032043457
UE-M21-W08, SMC P56 ,287.04000902175903
UE-M21-W09, IMC P18 ,224.06000471115112
UE-M21-W09, SMC P56 ,224.00000095367432
UE-M21-W09, SMC P56P ,16
UE-M21-C01A, IMC P18 ,312.1400032043457
UE-M21-C01A, SMC P56 ,252.02000045776367
UE-M21-C03, IMC P18 ,8
UE-M21-C03, SMC P56 ,104.16000366210938
UE-M21-W01, SMC P3 P ,70.00000238418579
UE-M21-W01,Grout,0.5
UE-M21-W02, IMC P18 ,16
UE-M21-W02, SMC P56 ,140.00000047683716
UE-M21-W03, IMC P18 ,32
UE-M21-W03, SMC P56 ,144.00000047683716
UE-M21-W03,Grout,0.5
UE-M21-W04, IMC P18 ,80.08000230789185
UE-M21-W04, SMC P56 ,120.10000419616699
UE-M21-C01b, SMC-P50 ,80.02000093460083
UE-M21-C01b,IMC P7,296.10000467300415
UE-M21-C02, IMC P18 ,144.00000047683716
UE-M21-C02, SMC P56 ,210.00000047683716
UE-M21-C04 c,Grout,1
UE-M21-C04 c,SMC-P11-P1,72.16000366210938
UE-M21-C04B,IMC P7,16
UE-M21-C04B,SMC-P11,208.0800061225891
UE-M21-C05A,Grout,1
UE-M21-C05A,SMC P9,161.00000667572021
UE-M21-C06A,IMC-P7 mass concrete,64.08000183105469
UE-M21-C06A,SMC-P11,56.02000045776367
UE-M21-C06A,SMC-P11-P1,4
UE-M21-C06A,SMC-P12,104.02000284194946
UE-M21-C06b,SMC-P11-P1,88.22000503540039
UE-M21-C6B,IMC P7,16
UE-M21-C6B,SMC-P12,200.0000033378601
UE-M21-F02,SMC-P12,46.00000047683716
UE-M21-F02A,IMC-P7 mass concrete,104.00000143051147
UE-M21-F02A,SMC-P11,342.0000033378601
UE-M21-F02b,IMC-P7 mass concrete,160.00000476837158
UE-M21-F02b,SMC-P11,344.0000071525574
UE-M21-F03A,IMC-P1 mass concrete,40
UE-M21-F03A,IMC-P7 mass concrete,112.00000381469727
UE-M21-F03A,SMC-P11,240.04000520706177
UE-M21-F03B,IMC-P7 mass concrete,197.00000524520874
UE-M21-F03B,SMC-P11,232.1000075340271
UE-M21-F03B,Test hielo,1
UE-M21-W05, IMC P18 ,80.10000228881836
UE-M21-W05, SMC P56 ,192.28000783920288
UE-M21-W06, IMC P18 ,104
UE-M21-W06, SMC P56 ,160.10000324249268
UE-M21-W07, IMC P18 ,132.15000343322754
UE-M21-W07, SMC P56 ,224.28000688552856
UE-M22-C01A, IMC P18 ,208.1200065612793
UE-M22-C01A, SMC P56 ,232.00000619888306
UE-M22-C01B, IMC P18 ,200.28001070022583
UE-M22-C01B, SMC P56 ,56.00000047683716
UE-M22-C05C, SMC P56 ,48.00000047683716
UE-M22-C06, IMC P14 P ,8
UE-M22-C06, IMC P18 ,10
UE-M22-C06, SMC P56 ,224.06000137329102
UE-M22-C06, SMC P56P ,104.18000411987305
UE-M22-C06,Grout,0.75
UE-M22-W01, SMC P3 P ,79.00000047683716
UE-M22-W01,Grout,0.5
UE-M22-W02, IMC P18 ,24
UE-M22-W02, SMC P56 ,110.00000047683716
UE-M22-W03, IMC P18 ,56
UE-M22-W03, SMC P56 ,144.00000095367432
UE-M22-W04, IMC P18 ,40
UE-M22-W04, SMC P56 ,192.07000422477722
UE-M22-W05, IMC P18 ,104.00000095367432
UE-M22-W05, SMC P56 ,176.00000143051147
UE-M22-W08, IMC P18 ,156.0800018310547
UE-M22-W08, SMC P56 ,232.04000234603882
UE-M22-W09, IMC P18 ,232.18000411987305
UE-M22-W09, SMC P56 ,264.0200049877167
UE-M22-F01B,IMC P7,248.10000562667847
UE-M22-F01B,SMC-P11,264.1200075149536
UE-M22-F01B,SMC-P12,8
UE-M22-F01C, SMC P3 P ,12
UE-M22-C02, IMC P18 ,32
UE-M22-C02, SMC P56 ,184.0800028
UE-M22-C03 a, IMC P18 ,464.0200014
UE-M22-C03 a, SMC P50 P ,15
UE-M22-C03 a, SMC P56 ,264.00000047683716
UE-M22-C03 b, IMC P18 ,32
UE-M22-C03 b, SMC P56 ,162
UE-M22-C04 a, IMC P18 ,256.0000009536743
UE-M22-C04 a, SMC P50 P ,8
UE-M22-C04 a, SMC P56 ,58
UE-M22-C04 b, IMC P18 ,48
UE-M22-C04 b, SMC P56 ,152.0000057220459
UE-M22-C06A,Grout,0.5
UE-M22-C06A,SMC-P11-P1,168.02000904083252
UE-M22-F02B,IMC P7,208.0000091
UE-M22-F02B,SMC-P12,328.0000138282776
UE-M22-F03A,IMC-P7 mass concrete,32
UE-M22-F03A,SMC-P11,129.00000190734863
UE-M22-F03A,SMC-P12,48.000000953674316
UE-M22-F03B,SMC-P11,72.00000286102295
UE-M22-F04,IMC-P7 mass concrete,192.02000379562378
UE-M22-F04,SMC-P11,118.00000476837158
UE-M22-F04,SMC-P12,288.0000047683716
UE-M22-F05,IMC-P7 mass concrete,112.00000190734863
UE-M22-F05,SMC-P11,272.00000047683716
UE-M22-W06, IMC P18 ,80
UE-M22-W06, SMC P56 ,160.00000190734863
UE-M22-W07, IMC P18 ,144.24000597000122
UE-M22-W07, SMC P56 ,184.08000683784485
UE-M23-F03A , IMC P18 ,72.00000047683716
UE-M23-F03A, SMC P56 ,128.00000190734863
UE-M23-F03A, SMC P56P ,8
UE-M23-W03, IMC P18 ,56
UE-M23-W03, SMC P56 ,176.0800028
UE-M23-W03,SMC-P3,16
UE-M23-W04, IMC P18 ,64.00000047683716
UE-M23-W04, SMC P56 ,160.0800028
UE-M23-C01A, IMC P18 ,264.0000009536743
UE-M23-C01A, SMC P56 ,256.0600028038025
UE-M23-C01A, SMC P56P ,16.000000476837158
UE-M23-C01A,Grout,1.75
UE-M23-C01b, IMC P18 ,192
UE-M23-C01b, SMC P56 ,112
UE-M23-C01b, SMC P56P ,18
UE-M23-C03, IMC P18 ,200.16000366210938
UE-M23-C03, SMC P56 ,504.20000553131104
UE-M23-C04, IMC P18 ,344.1600081920624
UE-M23-C04, SMC P56 ,476.12000703811646
UE-M23-F01A, IMC P18 ,584.1200177669525
UE-M23-F01A, LC-P2 LEVELING ,24
UE-M23-F01A, SMC P56 ,344.2400093078613
UE-M23-F01B, IMC P18 ,408.0000023841858
UE-M23-F01B, SMC P56 ,216.00000286102295
UE-M23-F01B, SMC P56P ,8
UE-M23-F03B, IMC P18 ,72
UE-M23-F03B, LC-P2 LEVELING ,14
UE-M23-F03B, SMC P56 ,297.0200037956238
UE-M23-F03B, SMC P56P ,8
UE-M23-F03B,Grout,0.5
UE-M23-F03B,SMC P28,8
UE-M23-F04B,IMC P7,96.20000457763672
UE-M23-F04B,LC-P2 LEVELING,31.000000476837158
UE-M23-F04B,SMC-P3,168.04000639915466
UE-M23-F05A,LC-P4 BACKFILL,16
UE-M23-F05A,SMC-P3,104.06000423431396
UE-M23-F05B, IMC P23 P ,24
UE-M23-F05B, SMC P3 P ,92.23000526428223
UE-M23-F05B,Grout,1
UE-M23-F05B,IMC P9 P1,16
UE-M23-W01, SMC P3 P ,86.00000095367432
UE-M23-W01,Grout,1
UE-M23-W02, IMC P18 ,20
UE-M23-W02, SMC P56 ,160.04000091552734
UE-M23-W08, IMC P18 ,240.11001110076904
UE-M23-W08, SMC P56 ,252.1000108718872
UE-M23-W09, IMC P18 ,280.0000009536743
UE-M23-W09, SMC P56 ,232.00000095367432
UE-M23-C02, IMC P18 ,32
UE-M23-C02, SMC P56 ,136.00000047683716
UE-M23-C02, SMC P56P ,148.0300006866455
UE-M23-C02,Grout,1
UE-M23-F01, IMC P14 P ,56.10000228881836
UE-M23-F01, SMC P50 P ,8
UE-M23-F01, SMC P56P ,148.0800028
UE-M23-F01,Grout,1
UE-M23-F02, IMC P14 P ,72.00000047683716
UE-M23-F02,Grout,0.75
UE-M23-F02,SMC P11,240.06000566482544
UE-M23-F02,SMC P11 P1,144.10000228881836
UE-M23-F04A,IMC P7,16
UE-M23-F04A,LC-P2 LEVELING,16
UE-M23-F04A,SMC-P3,176.00000143051147
UE-M23-F06,IMC-P7 mass concrete,256.0000047683716
UE-M23-F06,SMC P11,28.07000160217285
UE-M23-F06,SMC P12,85.04000329971313
UE-M23-F06,SMC-P11,332.0200090408325
UE-M23-F07,SMC-P11-P1,8
UE-M23-W05, IMC P18 ,128.04000544548035
UE-M23-W05, SMC P3 P ,8
UE-M23-W05, SMC P56 ,184.1400077342987
UE-M23-W06, IMC P18 ,112.00000190734863
UE-M23-W06, SMC P56 ,172.06000423431396
UE-M23-W07, IMC P18 ,224.06000185012817
UE-M23-W07, SMC P50 P ,8
UE-M23-W07, SMC P56 ,192.02000093460083
